"","120","350","122","81","84","24","12","60","360","61","876","39","432","777","67","145","114","77","85","4","64","202","147","107","142","43","141","421","29","40","121","236","517","523","254","74","101","62","69","203","412","89","30","113","157","131","267","3","41","21","34","58","117","104","38","18","126","161","222","164","111","245","76","555","28","246","9","91","266","427","33","55","72","10","22","20","57","78","16","68","223","80","134","23","119","48","8","497","86","875","526","27","99","25","31","13","163","98","35","105","63","82","59","50","238","106","92","44","498","201","127","235","154","2","133","42","54","14","420","90","516","429","7","268","19","11","6","53","150","240","112","110","45","36","143","136","103","79","1","51","83","17","56","518","115","96","37","26","32","75","102","5","15","totalWins"
"120",0,57,41,97,97,48,62,35,78,22,56,85,66,116,58,227,48,27,15,27,77,184,49,43,30,27,67,39,42,71,84,137,69,39,15,7,31,41,29,33,125,62,25,9,74,24,47,38,21,105,41,37,71,117,24,38,42,19,13,127,52,116,40,45,30,21,23,17,92,42,12,61,4,22,57,60,54,17,14,16,3,114,28,11,45,2,35,33,12,58,14,11,18,30,4,12,69,49,29,39,25,21,9,16,40,24,37,5,14,18,8,24,23,72,17,2,48,15,9,11,22,11,24,16,13,30,14,33,12,17,48,8,8,6,12,6,12,49,11,21,6,9,8,15,5,8,9,11,3,14,7,6,2,1152
"350",45,0,29,62,42,24,26,23,42,25,28,56,41,54,34,130,20,12,12,19,40,113,32,27,17,12,34,18,30,47,49,83,35,10,6,9,16,21,23,27,72,44,22,4,49,12,36,25,9,55,21,21,63,79,24,24,14,10,6,65,33,72,24,25,18,18,12,9,46,26,10,30,7,9,41,28,24,8,12,14,0,60,17,12,40,3,24,22,6,22,6,1,16,19,9,6,31,29,11,16,8,19,6,7,21,14,22,2,6,6,4,11,12,25,14,3,34,14,4,5,10,11,11,10,7,14,11,17,2,20,31,4,7,5,12,1,12,17,6,12,0,5,7,10,4,2,9,11,3,12,5,4,2,675
"122",55,28,0,63,56,12,32,13,30,28,33,44,39,58,33,127,28,11,11,18,38,138,28,39,13,8,27,16,22,55,42,83,31,14,8,7,17,37,23,26,76,36,29,9,34,9,20,16,6,61,26,26,27,57,22,27,19,10,5,81,32,57,23,31,24,14,7,9,62,23,6,40,4,8,37,27,32,16,3,8,4,64,19,11,28,2,24,14,8,41,9,6,19,20,5,11,32,33,18,20,21,10,1,15,25,13,21,7,5,4,8,5,13,35,6,3,30,18,9,8,14,5,13,6,12,14,8,23,8,7,21,2,3,7,12,1,15,36,6,16,0,9,4,9,6,1,5,14,4,10,4,8,2,680
"81",69,39,43,0,96,28,88,38,102,40,68,102,72,112,49,285,44,26,19,30,62,250,50,39,28,20,63,43,46,65,77,166,60,35,14,12,25,45,30,42,140,88,36,10,73,18,41,30,20,113,41,50,64,160,34,46,60,19,3,85,62,111,42,47,26,26,22,29,76,38,16,61,8,23,71,47,77,27,12,17,3,119,33,24,64,1,29,31,15,57,13,16,27,38,8,17,87,46,24,34,28,26,14,11,53,19,56,13,10,13,15,11,10,55,15,2,80,20,15,11,27,16,28,11,19,18,15,39,6,16,44,8,12,7,14,1,21,46,12,29,2,13,6,16,8,3,13,15,3,15,4,5,4,1230
"84",70,35,40,83,0,27,69,38,64,28,77,98,77,117,40,222,50,13,20,34,52,198,37,38,35,26,52,32,30,71,69,145,87,26,9,10,15,27,20,42,100,76,28,13,44,16,32,58,22,120,39,38,51,103,27,44,50,9,10,126,54,97,56,77,24,20,25,24,105,27,10,70,6,13,56,47,74,24,11,19,3,108,36,22,45,0,24,21,14,54,16,3,20,27,8,12,65,39,36,44,15,21,12,23,48,20,34,8,17,11,13,12,15,59,11,2,45,21,8,11,24,12,21,6,9,16,8,28,8,10,59,8,4,4,20,1,13,58,13,28,3,9,5,17,6,8,7,19,9,5,3,9,4,1105
"24",27,19,24,46,35,0,26,13,31,15,19,42,28,57,33,86,19,7,7,16,29,67,21,20,13,10,22,14,13,33,27,53,25,14,2,4,7,18,12,16,49,28,13,5,31,9,16,13,6,38,23,11,20,52,9,12,11,6,2,64,22,44,17,20,12,6,5,6,27,8,2,18,4,7,23,23,17,12,6,9,2,39,18,8,24,1,9,13,6,27,5,1,7,16,5,7,27,20,8,16,4,13,5,12,12,11,12,5,6,5,3,4,7,21,8,0,23,10,3,4,11,5,4,3,8,7,7,14,0,4,15,3,2,3,5,2,9,23,5,6,2,2,3,7,3,4,0,4,0,5,4,2,0,455
"12",48,37,29,74,76,20,0,31,84,27,55,67,43,67,42,172,40,14,11,14,62,119,26,32,31,13,38,27,17,28,45,112,75,25,9,14,12,24,17,31,106,85,20,5,33,9,13,32,18,68,16,43,23,104,15,37,36,8,8,82,39,86,42,42,16,10,14,17,71,19,7,63,3,8,33,32,77,23,8,11,2,91,29,11,32,1,23,27,9,57,16,7,15,16,6,8,47,29,15,29,12,14,11,13,24,11,37,9,8,13,10,8,14,30,11,2,46,11,3,6,15,13,15,9,6,18,5,33,6,6,35,3,4,2,8,3,10,41,9,10,3,8,4,16,3,3,3,15,1,7,3,6,4,836
"60",30,14,12,46,46,13,23,0,31,13,30,47,20,23,20,98,14,4,3,17,32,76,14,14,12,14,17,18,14,41,41,64,19,14,2,7,10,16,9,20,43,29,16,4,23,12,19,9,10,44,19,25,24,54,9,15,24,5,6,43,19,46,19,23,8,7,5,8,34,11,2,29,3,6,19,19,30,13,5,5,2,35,11,7,20,1,11,10,5,19,4,4,9,18,2,4,22,16,11,15,12,9,2,5,16,13,14,2,4,2,3,3,10,25,6,0,24,5,1,9,15,3,9,2,5,8,5,18,1,7,11,1,4,1,5,2,9,20,8,17,0,4,3,7,6,1,5,8,2,4,5,4,2,459
"360",54,28,41,81,96,33,72,30,0,27,60,75,46,87,55,256,37,9,15,33,55,177,29,32,28,12,43,29,26,52,72,138,64,33,12,12,21,29,20,39,96,57,26,8,54,19,27,32,12,84,29,47,54,113,14,21,35,12,9,117,39,81,45,43,17,17,13,30,69,22,3,60,5,6,40,36,74,10,15,12,0,80,19,11,31,1,21,21,8,61,12,4,14,28,9,11,60,28,33,29,20,15,9,12,31,14,21,11,9,15,7,13,13,56,13,4,49,12,3,7,20,9,15,9,9,12,12,29,6,7,35,4,2,4,7,2,13,59,9,16,1,5,3,11,3,3,12,15,4,4,1,8,5,946
"61",26,18,17,39,38,13,27,14,32,0,17,28,29,46,23,85,15,7,3,15,25,87,22,16,21,8,23,9,13,26,26,50,26,20,3,2,9,17,16,22,54,32,16,2,7,8,11,11,6,47,13,14,18,41,9,14,19,6,4,40,20,51,14,15,11,6,9,8,37,12,1,20,1,5,20,16,27,13,5,8,0,43,9,5,20,3,16,11,7,16,3,1,9,14,0,6,35,25,9,13,9,13,6,11,19,12,10,5,1,3,4,8,9,23,4,0,13,9,4,8,6,4,7,4,7,14,9,13,4,3,22,1,1,3,5,1,10,23,5,7,1,1,4,2,0,2,5,9,1,5,2,4,0,441
"876",61,41,24,86,67,24,50,24,51,21,0,47,50,84,30,156,46,8,12,23,31,139,30,37,24,12,26,18,29,41,62,98,35,20,9,7,13,29,17,20,71,50,19,12,45,12,41,30,11,86,24,28,38,106,20,26,35,6,5,72,40,68,38,47,31,6,15,17,56,25,6,40,5,12,37,36,49,13,4,20,1,75,19,12,39,1,33,19,15,49,11,2,10,30,8,9,54,39,25,14,4,15,5,17,34,21,21,8,12,8,13,12,12,44,7,1,58,19,7,8,13,4,20,7,13,9,9,21,4,13,29,1,3,5,9,2,14,47,7,20,4,2,5,9,4,1,6,11,4,6,7,8,3,803
"39",65,50,50,86,105,35,64,30,77,28,60,0,51,121,51,190,45,8,16,28,59,183,47,42,25,15,42,33,33,69,73,146,43,18,10,16,14,25,19,36,95,63,35,8,63,22,45,26,26,103,39,44,56,104,31,36,58,14,6,118,35,83,49,48,32,21,24,19,93,35,8,66,9,20,53,50,63,15,20,16,3,76,31,18,47,3,35,28,16,48,9,5,13,22,7,8,58,31,29,23,18,14,9,14,50,24,30,7,8,18,6,9,13,36,14,3,61,13,7,11,13,8,21,9,9,18,18,33,12,7,31,4,8,3,9,5,23,32,8,29,1,6,2,14,11,7,9,13,3,7,6,7,0,1024
"432",58,40,33,77,81,29,58,36,80,22,61,70,0,105,49,179,37,13,12,25,57,166,52,43,27,20,44,20,41,73,72,115,48,30,5,10,23,35,30,28,124,71,33,7,63,23,46,27,27,97,43,30,53,100,23,36,47,17,12,84,42,97,38,49,18,16,13,12,69,45,12,51,7,20,57,36,56,15,16,17,2,90,22,17,40,0,35,35,20,48,10,6,16,18,11,11,73,41,21,29,14,19,5,16,42,20,29,7,15,11,5,16,14,44,6,3,54,14,12,9,25,11,16,4,12,18,16,23,10,4,33,8,6,8,12,2,16,45,14,14,0,4,4,11,10,4,16,17,2,14,9,7,2,990
"777",79,52,43,143,115,32,73,37,74,49,70,111,75,0,58,268,54,20,18,20,72,228,61,58,24,33,67,52,39,83,81,186,78,37,6,13,25,50,33,39,132,78,39,12,86,26,54,35,35,112,57,68,75,163,46,33,53,17,14,132,47,115,44,42,40,25,22,27,94,46,13,64,8,27,64,55,82,14,14,23,3,114,34,21,64,6,57,36,25,78,22,9,25,31,14,21,79,53,30,40,19,24,10,21,56,26,56,8,11,26,13,21,16,62,15,3,80,23,13,16,36,15,30,11,23,27,19,30,2,18,50,7,13,7,21,3,23,52,26,27,4,8,7,21,4,7,15,19,4,16,10,10,5,1328
"67",56,38,34,75,48,22,42,23,33,20,26,68,49,69,0,165,26,17,13,17,24,133,30,40,18,11,28,17,29,51,38,73,36,11,3,5,13,19,15,25,65,53,19,6,37,8,29,22,13,67,27,23,25,62,24,18,20,7,12,55,38,63,21,30,21,8,18,13,44,26,12,26,14,12,37,33,35,22,9,11,4,53,22,11,28,3,19,17,6,30,11,5,11,16,10,5,31,34,16,23,12,14,3,12,31,19,25,9,7,8,6,10,17,42,13,2,45,21,7,10,16,8,7,6,7,20,19,23,4,6,27,3,3,7,8,3,16,20,7,15,2,8,9,7,11,6,7,17,8,15,4,6,2,708
"145",220,183,113,362,267,80,190,86,258,76,194,209,180,305,218,0,135,41,49,87,210,762,129,116,75,51,136,97,99,180,176,436,192,114,34,38,50,108,69,117,339,183,99,35,163,51,107,113,67,368,99,121,164,313,89,120,121,40,22,330,140,301,136,163,77,50,47,59,260,93,26,185,29,46,146,140,206,72,43,45,3,276,80,51,146,6,103,78,46,157,36,21,60,88,22,37,189,139,73,108,46,50,26,51,128,64,83,16,52,40,24,36,59,136,29,8,167,44,26,38,78,33,55,25,45,50,38,83,15,34,117,17,20,25,29,12,50,118,28,82,11,23,18,48,15,21,31,44,5,34,24,27,13,3152
"114",35,21,15,39,43,17,29,12,29,14,35,40,23,53,26,128,0,8,7,14,30,94,27,23,23,14,18,17,19,20,31,69,22,6,6,3,17,18,10,15,56,41,10,5,31,11,22,15,18,60,23,16,24,57,14,15,18,3,8,91,32,51,27,25,7,10,12,14,56,13,3,26,9,8,29,27,38,11,3,4,0,52,15,11,13,1,26,17,6,20,11,4,12,13,1,3,36,18,4,19,7,9,5,12,20,4,24,2,5,6,3,6,8,25,5,1,25,7,4,3,15,6,8,3,8,8,10,13,1,11,16,3,1,3,3,2,8,19,8,12,1,3,4,6,2,1,6,3,2,5,4,7,2,536
"77",17,15,5,17,15,6,6,9,9,8,14,16,15,23,8,39,6,0,8,2,6,38,7,4,4,5,9,3,4,14,12,23,11,7,0,4,11,8,5,7,31,10,6,5,10,6,9,4,4,13,4,6,12,38,4,9,5,2,1,21,8,22,5,7,5,1,7,4,10,10,1,15,0,3,8,5,13,5,2,1,0,20,5,3,16,0,9,3,3,13,2,1,2,8,1,1,9,8,2,3,2,7,1,1,8,5,10,1,2,2,1,5,0,20,2,0,11,4,7,1,7,4,2,1,2,3,5,5,0,5,11,2,1,1,3,1,5,11,2,7,0,3,0,5,1,2,1,1,0,3,0,2,3,210
"85",13,7,13,17,18,4,22,8,17,1,13,13,14,23,15,34,11,2,0,3,7,35,11,10,8,5,10,5,4,11,11,25,12,5,0,5,2,5,3,7,16,11,1,0,6,3,11,8,6,17,9,10,15,16,3,9,9,4,2,16,6,20,6,9,3,1,3,2,15,9,6,18,0,3,14,12,14,2,3,3,0,17,3,2,6,1,4,6,0,7,1,3,3,3,1,2,13,9,2,7,3,6,0,4,9,1,4,0,1,2,3,6,2,13,4,0,6,2,0,1,1,2,6,0,2,4,2,2,1,3,8,1,3,1,5,2,2,7,3,3,1,1,2,3,0,0,2,1,0,3,1,1,0,196
"4",25,20,16,36,47,11,29,15,32,17,26,20,23,42,23,90,15,7,7,0,15,59,14,18,12,10,9,9,15,20,28,46,41,18,4,5,8,8,7,20,54,26,15,4,26,5,16,12,5,49,14,20,26,45,11,17,25,8,3,48,17,45,21,17,15,7,6,8,41,7,2,25,4,5,32,18,27,11,3,7,0,46,6,9,16,1,8,15,2,23,3,1,11,8,4,4,31,29,14,10,10,13,4,6,19,11,12,2,5,4,2,5,9,22,7,3,16,7,2,5,9,3,5,2,2,7,14,7,1,4,21,3,2,4,4,2,6,19,4,7,0,3,4,6,4,2,3,8,1,4,4,1,0,437
"64",57,37,36,76,81,18,53,25,45,30,31,66,49,78,26,159,30,12,12,30,0,173,24,27,26,16,24,29,17,45,71,94,45,33,9,12,16,22,18,45,95,66,20,3,38,13,17,26,13,84,25,32,37,106,25,33,42,9,4,86,34,78,38,36,14,9,24,15,65,26,12,43,2,8,45,22,64,12,9,19,3,68,16,14,30,4,22,15,9,44,10,5,9,13,3,12,58,21,25,28,8,20,9,8,31,12,15,4,6,8,6,9,11,58,6,0,39,7,4,10,19,5,19,3,10,12,10,29,5,12,37,2,8,1,9,2,6,35,6,18,1,3,4,5,5,6,6,16,2,9,3,10,1,809
"202",177,118,124,298,234,79,137,90,186,88,138,202,158,274,128,727,106,38,31,67,159,0,121,108,81,67,119,94,102,165,182,376,154,85,18,31,59,70,62,90,278,186,79,25,142,40,104,101,49,394,108,92,159,341,71,108,129,32,30,263,130,284,122,131,67,51,74,55,198,78,19,161,21,46,190,98,158,56,22,47,2,254,70,49,129,2,86,68,42,148,27,12,57,80,20,47,215,115,57,107,46,47,33,48,125,53,97,15,39,26,28,60,36,121,39,14,142,41,16,25,69,31,49,25,34,61,45,78,21,39,133,22,13,14,38,11,40,109,37,95,9,23,13,36,22,26,26,42,8,23,18,19,6,2831
"147",47,45,25,67,45,23,28,19,32,24,34,45,41,65,38,135,32,8,6,26,29,126,0,44,11,17,35,15,26,66,50,81,37,20,6,7,21,28,18,24,63,31,16,4,29,17,38,16,13,63,42,20,46,76,22,20,16,8,2,65,38,63,24,21,20,9,11,11,41,27,5,28,3,8,41,31,35,15,12,11,4,74,17,10,32,2,23,20,11,33,9,6,17,19,13,7,52,22,9,19,17,16,11,14,26,16,24,7,10,8,5,15,12,33,9,4,27,15,8,8,15,7,11,7,11,16,23,17,5,4,31,6,5,3,14,1,9,27,7,21,4,9,3,14,7,4,4,14,1,12,4,4,4,703
"107",49,28,35,51,38,17,36,10,34,17,28,43,42,68,21,103,28,14,2,12,36,95,19,0,18,14,24,22,27,44,38,52,29,15,7,9,6,13,12,11,55,28,23,9,34,12,22,19,11,49,24,29,26,39,20,21,24,5,1,41,18,60,18,31,22,11,11,9,31,24,7,38,2,13,30,32,31,14,5,7,0,42,10,14,30,1,23,22,9,31,6,2,11,16,2,8,42,30,17,14,7,9,6,13,18,11,37,3,16,9,9,10,9,16,5,3,31,11,3,4,7,7,16,6,3,13,13,15,4,6,13,4,6,6,6,1,9,28,2,12,3,3,4,7,3,2,8,10,1,2,5,3,4,573
"142",24,9,16,47,43,19,34,20,28,14,24,31,21,47,22,104,17,5,8,15,31,87,13,15,0,8,17,21,9,25,24,66,22,19,2,4,12,11,10,19,68,17,19,1,27,9,14,16,4,40,25,10,18,70,13,18,30,5,2,45,24,37,31,26,9,9,10,13,34,11,4,37,2,7,21,14,42,14,5,10,2,55,16,4,10,0,13,7,3,27,5,3,4,15,1,3,26,11,8,12,4,9,3,5,19,8,10,8,4,7,4,8,5,25,3,0,26,5,3,11,19,4,15,5,6,6,2,17,2,4,21,4,2,2,2,1,2,28,2,8,0,1,3,3,7,0,5,6,1,1,1,2,2,470
"43",25,5,7,20,18,2,10,3,13,7,9,16,23,27,17,54,7,1,3,8,8,38,8,8,3,0,10,6,6,18,21,26,14,3,2,3,8,8,7,10,23,14,2,0,11,5,6,2,7,24,13,4,14,31,10,6,9,4,2,33,11,19,14,4,2,1,5,2,17,7,0,11,2,2,19,8,17,4,3,2,0,24,6,4,8,1,7,5,5,9,3,2,6,18,2,8,10,12,5,12,6,5,2,4,8,7,7,4,1,2,0,1,2,16,2,0,10,4,1,4,6,1,4,0,5,5,4,3,1,1,11,2,1,2,2,1,4,5,5,9,0,1,2,3,3,0,3,5,1,5,1,3,1,237
"141",53,37,29,55,55,15,34,18,47,17,43,43,41,59,38,131,29,12,7,23,49,109,35,20,14,9,0,18,24,48,56,77,51,18,6,6,25,18,13,17,65,38,18,6,43,15,17,21,11,61,19,16,43,63,21,17,17,8,2,65,31,51,24,31,22,9,11,14,43,24,6,33,6,10,36,24,36,14,7,4,0,61,21,12,25,2,15,9,12,27,13,7,12,15,8,5,38,25,19,16,14,15,8,14,25,13,18,3,9,7,6,5,9,32,7,1,34,16,3,5,12,4,8,4,10,15,15,19,3,7,33,5,6,5,9,4,9,25,10,18,1,7,8,8,5,4,9,12,4,13,5,0,1,657
"421",40,30,19,43,44,19,19,12,31,17,26,34,25,42,19,95,17,3,8,15,37,90,17,25,29,8,13,0,18,30,38,61,31,15,5,3,9,7,8,18,38,34,12,5,19,4,17,15,6,56,16,16,27,53,7,14,20,8,1,37,25,53,17,27,17,8,10,11,50,18,4,40,3,4,19,28,35,15,5,14,0,39,18,11,22,1,15,11,5,31,4,6,13,16,2,9,27,19,17,19,6,11,5,14,22,11,15,3,5,6,5,6,8,33,2,2,24,5,8,8,13,9,11,2,7,8,7,16,4,2,22,0,4,2,10,3,8,19,5,12,0,4,1,6,4,4,6,8,1,5,4,3,3,505
"29",35,20,13,34,36,21,16,11,19,18,25,31,30,36,35,87,12,9,7,10,18,86,25,22,7,14,28,7,0,31,35,59,20,10,9,3,14,12,10,18,50,21,8,3,28,12,21,9,7,42,20,16,19,54,14,13,9,5,3,47,18,40,14,20,18,11,9,4,23,9,2,28,5,8,27,27,24,5,7,5,1,48,11,9,29,1,20,17,6,17,9,5,13,10,8,4,20,17,14,21,8,18,3,9,23,8,20,2,2,4,6,12,7,17,12,1,23,9,0,7,8,4,7,3,5,9,9,13,2,10,16,5,4,2,5,1,11,20,5,13,2,2,4,9,5,1,5,5,0,8,4,2,2,462
"40",67,59,59,82,91,39,59,24,54,30,56,82,79,100,57,209,42,20,11,21,49,187,53,47,34,26,56,32,48,0,63,115,52,16,16,7,25,34,23,38,102,68,30,10,66,26,61,19,18,103,49,31,80,111,36,32,34,13,3,89,54,96,35,51,45,23,28,17,50,38,7,70,11,27,69,48,59,20,10,10,1,97,33,14,59,1,37,32,15,36,10,7,22,30,8,12,52,48,23,35,21,19,12,22,34,26,50,8,15,10,14,19,22,53,13,2,74,22,7,6,22,6,29,7,13,22,20,20,5,12,46,10,7,9,9,1,16,38,7,33,0,11,7,14,7,8,12,22,3,12,12,3,0,1075
"121",69,45,35,94,69,37,57,39,74,33,47,64,49,109,59,188,45,13,16,22,66,170,41,56,33,18,57,36,37,72,0,119,56,22,11,11,23,32,30,35,103,61,31,16,63,22,46,34,21,97,32,31,52,143,25,28,54,14,7,105,51,119,48,56,26,12,22,16,71,34,16,59,8,18,73,36,62,22,13,10,1,82,31,20,53,1,36,22,15,47,18,14,22,25,9,11,57,32,26,37,27,28,9,18,36,26,38,3,10,12,3,14,16,40,18,5,46,17,5,12,24,6,22,10,11,27,18,36,5,12,37,7,3,6,21,2,22,46,14,26,2,14,8,12,7,4,7,19,4,9,5,2,4,1048
"236",107,68,66,151,128,49,105,54,107,70,105,133,97,189,86,421,66,21,30,38,93,322,60,73,52,40,88,59,46,102,93,0,111,45,8,29,25,50,52,57,177,113,39,11,96,32,58,62,38,188,71,52,87,223,42,54,82,15,12,157,83,159,57,88,42,29,19,28,152,47,10,99,15,25,105,69,97,39,25,21,2,137,63,26,70,6,59,42,19,77,21,10,25,37,12,23,112,75,47,49,22,35,22,23,56,42,55,18,25,22,17,23,24,94,25,6,92,25,5,16,33,12,32,15,16,29,26,51,6,17,80,10,11,13,22,7,31,80,22,35,4,18,8,20,9,10,13,22,8,13,8,12,9,1715
"517",75,31,22,64,86,24,65,20,63,20,52,47,36,87,31,153,19,13,18,39,46,139,28,25,15,19,32,19,27,44,40,100,0,29,5,13,14,21,20,29,52,58,16,11,52,17,29,30,18,78,19,33,38,80,16,27,22,8,4,73,42,100,31,38,29,16,19,8,51,18,4,40,8,13,45,30,55,15,10,14,1,53,10,21,33,1,21,22,4,42,12,8,12,27,5,11,54,31,27,28,7,15,16,17,37,17,16,8,13,14,9,12,8,40,3,1,132,10,4,9,25,5,12,8,7,6,10,19,7,11,18,7,3,5,5,2,23,47,6,14,4,2,7,8,6,7,11,13,1,7,1,4,1,804
"523",24,19,17,29,38,8,27,11,26,8,26,32,26,40,16,122,18,5,8,10,37,85,13,11,12,3,17,14,10,20,31,53,20,0,4,4,14,9,7,18,47,29,13,5,16,5,11,16,6,34,18,23,15,48,2,12,17,4,2,40,24,36,20,16,4,4,4,11,49,7,3,23,0,9,23,14,36,8,2,13,0,37,10,6,12,1,17,6,3,23,9,2,3,10,1,5,31,11,10,9,5,8,7,3,17,6,11,1,4,8,1,4,4,19,1,1,23,4,2,4,18,4,7,4,2,7,7,9,1,6,17,2,4,1,7,0,12,23,3,7,1,2,4,7,2,2,3,11,1,4,0,2,0,416
"254",7,9,3,9,5,2,8,3,9,1,2,7,11,5,5,27,3,1,1,5,7,14,8,7,1,0,7,3,1,5,11,15,3,4,0,0,0,6,7,4,11,4,2,0,11,1,1,4,5,7,6,2,3,14,6,2,2,1,2,11,5,12,5,6,2,4,5,2,7,2,0,8,2,1,6,6,6,1,1,0,0,13,2,3,7,0,8,6,0,5,0,2,1,2,1,1,2,3,4,6,2,2,0,1,2,0,8,0,1,2,0,2,3,3,0,1,5,2,0,1,1,2,4,0,1,1,3,4,0,0,7,0,1,0,1,0,3,6,2,4,1,0,1,2,0,1,2,0,0,3,0,2,0,111
"74",10,9,5,25,14,3,11,6,24,5,12,11,10,27,5,35,7,0,3,4,14,32,10,6,8,11,5,8,3,7,13,27,18,8,0,0,3,6,2,11,25,17,4,1,7,2,4,10,5,18,8,7,11,23,1,5,10,2,3,23,6,18,9,10,7,1,1,8,17,4,3,11,0,3,12,11,13,2,4,5,0,18,9,5,7,0,8,4,3,6,2,2,3,11,2,4,18,9,7,4,4,2,4,0,7,6,5,1,2,3,0,2,2,5,0,0,12,0,4,4,6,4,3,2,1,7,6,11,1,1,10,0,0,3,3,0,5,9,2,4,1,0,0,2,0,2,3,5,0,0,1,4,0,206
"101",17,9,5,22,20,11,15,6,12,7,12,24,15,19,14,43,9,3,4,4,13,40,12,9,9,4,9,5,10,19,19,35,9,10,4,1,0,7,6,10,40,10,7,2,22,4,6,5,7,23,21,6,11,29,5,11,9,6,3,23,16,25,13,6,5,4,6,10,19,7,2,10,3,4,17,7,11,7,4,1,0,19,7,7,7,0,5,5,4,13,1,3,3,3,1,0,13,14,11,9,6,4,1,8,9,9,3,2,4,2,3,2,3,11,3,2,11,3,4,5,4,4,9,4,2,6,5,6,4,2,9,2,4,0,7,0,5,15,4,8,0,2,1,1,2,1,4,5,0,6,0,2,2,255
"62",35,20,28,40,34,23,25,17,34,19,21,33,24,45,30,97,26,9,7,11,28,73,28,25,12,16,29,16,22,39,44,78,38,7,5,5,17,0,17,12,41,32,12,6,21,7,26,13,6,56,16,17,18,67,8,24,23,11,4,36,27,50,15,20,21,14,8,14,41,13,5,35,4,7,33,19,26,21,7,4,0,50,16,5,31,0,14,11,7,28,3,1,11,20,5,8,19,14,13,14,14,10,4,5,18,9,18,3,6,4,10,8,8,30,4,2,37,9,1,5,10,7,10,6,9,8,10,16,0,5,23,3,2,2,10,2,6,15,4,16,0,6,7,11,4,0,5,13,3,10,2,2,1,524
"69",20,21,21,30,22,13,18,12,25,8,20,15,19,40,17,67,10,6,4,9,20,43,12,14,4,4,19,11,16,26,16,29,19,11,2,2,5,12,0,16,35,19,3,9,21,8,14,11,6,33,14,7,27,33,12,9,12,3,1,27,13,39,10,14,4,12,5,7,16,8,6,20,2,6,18,17,22,10,2,3,0,34,12,5,20,1,19,13,2,20,1,6,1,9,5,5,18,16,9,13,6,4,6,6,17,13,11,4,2,8,1,4,3,14,3,0,18,4,2,3,8,3,5,3,2,7,5,6,1,7,18,5,1,0,4,0,5,14,2,11,0,4,2,5,1,6,4,6,2,9,2,2,1,341
"203",45,32,22,48,33,11,32,16,43,24,42,28,30,66,18,112,17,6,3,12,42,89,24,10,13,9,27,15,18,41,18,86,33,16,3,7,11,13,13,0,59,35,22,3,24,8,19,18,13,68,20,26,25,117,13,17,25,5,7,56,31,50,14,22,19,16,3,18,49,21,0,23,2,5,26,21,40,5,5,15,1,51,14,15,18,0,12,8,6,15,4,2,8,19,4,16,39,16,8,18,8,13,8,14,25,12,21,7,5,4,5,9,4,35,5,5,34,10,3,4,14,5,4,4,3,10,11,16,3,9,23,2,2,5,8,2,10,29,8,14,5,3,4,9,1,3,6,4,1,5,0,4,0,565
"412",106,88,67,172,141,51,143,48,97,49,107,118,118,157,79,323,61,21,21,44,100,326,57,64,59,35,61,56,49,121,118,187,89,44,12,15,30,52,28,59,0,117,43,14,94,30,53,57,37,175,65,69,88,199,41,52,65,19,15,165,99,164,73,94,36,22,36,34,142,42,11,78,14,28,76,75,137,39,19,21,3,157,36,31,56,3,43,39,21,89,25,12,30,62,14,21,121,69,40,50,23,36,21,12,74,45,45,7,18,29,7,22,28,82,16,3,89,31,11,23,40,16,35,15,23,24,35,88,8,22,79,10,14,5,18,5,26,87,23,39,5,14,10,18,12,13,14,18,8,16,6,19,5,1705
"89",75,51,44,94,87,34,93,28,69,35,64,59,56,110,61,220,49,11,19,23,69,184,28,39,29,18,40,30,28,57,63,127,64,47,10,10,18,33,21,36,123,0,28,11,42,14,41,41,18,93,40,30,58,139,26,38,68,16,7,94,58,86,45,49,32,19,17,26,84,31,13,70,5,18,53,48,69,25,5,23,2,96,28,14,45,4,31,27,11,64,9,10,11,51,11,14,73,39,22,28,25,15,8,13,43,15,34,7,15,13,7,13,13,64,4,3,60,11,7,17,26,7,16,8,13,20,20,29,9,16,33,2,3,7,10,6,11,56,14,27,8,12,6,16,5,3,14,13,2,4,4,8,4,1069
"30",44,20,26,63,44,20,36,17,30,10,26,38,26,49,22,94,15,10,3,16,27,87,27,26,19,16,18,23,16,36,37,49,31,12,2,14,11,17,13,20,49,47,0,2,23,11,21,18,13,61,22,18,19,57,18,16,19,3,7,48,23,40,18,20,14,11,14,13,45,19,4,34,6,7,30,25,41,7,11,6,0,47,16,5,25,0,13,14,3,28,9,7,14,13,4,3,36,22,20,25,10,8,9,9,20,15,17,6,6,2,3,8,13,19,6,3,39,14,2,6,14,9,10,8,7,9,9,10,3,3,18,2,3,3,4,2,21,20,7,13,3,3,4,5,1,2,7,5,2,2,4,4,4,542
"113",7,6,2,9,5,1,6,5,7,3,5,15,5,15,12,21,1,2,5,3,5,22,8,6,5,1,7,5,4,5,12,18,7,3,1,6,2,2,2,3,20,12,4,0,5,3,3,6,5,13,8,5,8,10,2,4,7,3,1,9,7,13,3,1,4,0,3,3,11,3,1,3,3,2,5,6,2,2,2,2,0,8,3,1,3,0,3,4,3,2,3,0,2,2,1,1,7,6,1,4,1,3,1,0,5,6,1,1,0,2,0,1,1,3,1,0,10,2,0,1,1,1,2,2,4,4,3,6,2,0,3,1,1,1,2,1,2,7,1,2,0,2,0,1,0,0,0,3,0,0,0,1,1,122
"157",56,43,30,57,60,15,44,20,64,25,41,61,54,95,46,140,30,10,11,11,31,135,24,33,18,13,33,26,21,51,55,99,59,22,7,11,19,19,19,32,73,53,25,8,0,13,26,27,13,74,23,38,43,82,16,29,22,6,6,70,35,64,30,38,21,16,16,17,54,24,5,49,4,14,37,25,44,17,4,14,1,70,13,11,32,3,21,20,5,45,8,6,20,23,10,13,47,38,21,24,10,24,7,15,23,11,23,5,7,11,11,4,9,39,8,3,33,16,8,16,20,8,14,3,14,8,10,22,6,8,20,5,4,3,7,2,20,36,13,22,1,8,7,11,6,5,6,9,4,8,1,8,2,770
"131",19,10,10,26,14,13,12,5,14,2,16,14,18,26,12,49,10,6,4,15,8,46,13,7,9,2,15,9,11,19,22,29,15,8,4,5,6,14,12,11,24,21,7,3,11,0,15,11,6,21,12,8,18,30,9,7,17,1,2,25,12,22,10,19,9,6,6,7,16,15,2,21,0,8,15,14,11,4,1,4,0,21,6,3,9,0,12,7,3,11,4,1,4,6,3,3,16,14,3,9,11,5,2,7,12,7,11,1,4,2,3,3,5,15,0,0,16,5,2,1,7,2,8,3,2,8,5,14,0,3,12,1,2,2,5,2,5,12,4,12,1,4,1,2,3,3,1,10,1,4,1,3,0,280
"267",61,40,38,59,47,18,26,19,26,20,30,41,50,59,35,112,29,6,9,18,33,103,46,27,14,13,36,18,30,56,45,77,37,16,8,12,20,21,20,23,77,37,19,8,40,19,0,18,18,77,27,20,53,61,20,25,12,8,8,78,30,62,15,25,12,7,12,11,46,26,7,35,7,14,36,36,27,12,15,10,0,61,17,6,39,2,25,19,10,21,10,6,8,14,8,7,47,30,9,21,15,19,6,11,20,10,25,4,8,8,12,9,7,30,7,4,30,11,1,9,14,11,6,8,9,7,7,14,3,8,31,6,7,6,18,0,19,22,15,21,4,13,4,7,2,7,5,10,1,7,8,3,3,676
"3",35,29,23,61,69,27,30,20,41,19,34,50,31,51,33,121,19,5,9,12,37,100,21,18,17,10,32,22,15,33,42,69,40,29,5,7,13,20,9,19,78,45,15,5,32,14,18,0,5,66,14,35,22,59,16,20,26,0,5,56,25,53,24,22,14,3,12,12,57,19,7,44,8,6,21,25,45,14,9,16,1,55,16,6,20,1,18,7,9,29,9,3,4,18,4,7,43,26,11,28,11,12,6,11,21,6,18,4,3,7,6,8,9,32,6,3,32,9,5,5,12,6,15,2,6,9,9,17,7,5,28,1,2,3,10,2,11,24,9,8,2,7,4,9,2,0,6,10,1,2,1,5,2,602
"41",23,18,10,18,23,10,12,7,11,10,17,15,13,20,14,44,11,2,5,13,9,37,14,10,6,7,8,9,13,18,13,22,18,13,4,2,4,11,4,6,26,15,12,1,17,5,12,8,0,28,14,7,17,26,10,15,5,1,2,29,6,33,9,11,7,5,2,5,16,13,7,15,1,2,14,15,16,3,3,0,0,26,7,6,17,0,3,9,2,14,2,2,3,9,3,3,10,14,4,7,7,5,7,4,10,5,9,1,3,2,2,6,4,14,4,1,16,7,1,2,7,2,4,4,1,1,4,7,1,3,10,0,2,0,1,1,2,8,5,13,1,0,4,2,0,5,3,4,1,2,2,2,0,262
"21",100,59,68,118,148,50,93,45,100,40,90,88,95,152,63,390,58,15,17,61,108,377,59,53,58,30,63,47,35,85,110,185,93,52,15,27,36,44,33,65,169,99,50,13,87,29,51,41,35,0,61,65,81,176,38,61,92,20,12,133,62,144,57,76,42,30,35,18,113,61,16,75,5,27,98,67,101,32,16,26,1,141,38,16,67,2,53,37,18,92,19,11,26,50,8,14,97,60,45,40,31,31,14,28,64,34,38,13,14,19,16,31,14,64,13,3,83,25,7,23,28,10,24,9,19,30,29,40,12,19,60,8,11,8,12,9,24,71,19,32,7,6,11,23,6,8,10,24,5,11,10,11,5,1570
"34",43,37,23,65,55,22,30,12,29,17,37,48,33,56,22,108,19,10,8,12,37,86,26,21,15,9,16,19,21,28,37,92,25,13,10,9,23,19,12,18,57,35,15,2,38,7,14,12,9,65,0,25,36,69,22,16,24,8,0,46,43,49,31,24,12,11,14,7,33,20,6,29,5,12,38,21,35,13,3,9,0,40,13,6,33,1,16,14,9,17,3,3,12,15,3,8,30,21,10,28,10,12,5,4,20,20,21,6,5,9,1,11,11,27,8,1,28,10,3,5,14,3,7,5,2,13,15,18,2,8,30,2,4,4,7,3,7,23,9,10,5,8,3,10,6,6,9,8,0,3,1,3,1,577
"58",32,18,24,64,62,11,37,30,55,11,40,58,48,77,18,120,24,10,10,16,42,127,21,23,11,13,32,21,14,29,36,74,30,31,2,6,8,22,6,21,65,53,20,9,56,7,21,26,13,68,25,0,29,66,17,16,32,6,4,115,30,67,30,36,9,8,18,6,48,12,5,42,3,5,29,22,44,13,6,8,2,60,18,12,22,2,15,15,9,41,8,4,10,16,3,8,45,23,17,18,9,6,8,6,26,20,20,4,6,5,6,3,8,28,13,2,32,5,6,4,16,2,11,3,3,15,6,17,2,14,19,3,5,2,6,2,10,36,7,14,1,1,6,7,1,3,8,12,2,2,3,6,2,647
"117",53,54,39,67,74,27,27,20,35,26,43,52,53,90,42,149,35,7,11,16,31,142,30,31,19,15,43,29,24,65,62,108,47,25,11,8,13,22,18,25,80,41,23,7,50,13,41,19,15,77,28,29,0,97,21,21,33,15,7,71,38,67,28,44,23,10,18,16,54,26,7,38,7,12,44,32,58,16,10,10,2,56,21,14,33,4,31,21,7,30,9,11,20,24,3,14,48,35,13,34,17,13,10,11,39,19,32,2,10,6,7,17,11,36,17,6,42,15,3,9,16,5,11,13,8,13,8,19,4,7,24,5,4,7,7,3,16,24,9,30,1,4,5,8,6,5,13,15,3,6,3,3,4,799
"104",90,56,59,164,122,47,113,40,98,52,142,112,109,167,76,335,66,22,21,34,97,290,65,59,50,31,81,51,41,88,113,189,86,50,13,12,34,67,44,109,171,95,48,8,82,32,64,45,27,163,63,64,104,0,36,58,73,21,19,173,65,175,98,85,53,28,27,26,122,42,7,84,14,26,76,76,105,31,23,25,5,157,44,31,73,1,64,46,17,74,26,12,37,38,9,29,146,59,32,56,26,34,21,27,78,32,60,13,15,17,12,24,13,68,9,3,83,29,13,19,43,19,31,12,22,33,21,49,6,15,63,11,11,12,18,5,20,62,21,37,6,11,4,23,8,6,21,23,4,21,9,14,3,1649
"38",40,25,22,54,55,17,21,18,33,13,20,40,30,45,25,62,27,5,4,16,24,86,18,16,11,10,14,19,20,38,37,47,23,8,5,6,9,13,11,17,44,27,13,4,26,8,29,11,11,40,19,10,28,62,0,23,24,8,11,40,20,42,17,19,18,13,10,11,31,12,1,39,3,10,33,22,20,6,7,6,2,44,12,6,29,2,20,14,5,17,7,5,8,16,4,7,22,11,10,14,9,8,4,7,12,10,22,3,6,7,8,8,13,22,3,1,25,8,1,4,13,6,10,5,6,9,7,14,5,9,17,6,4,2,6,1,5,11,7,15,5,2,3,10,6,3,6,6,3,8,0,2,0,486
"18",40,30,20,61,39,17,27,18,31,17,32,50,38,48,22,132,18,11,9,10,27,111,19,27,15,5,24,16,23,38,50,76,32,12,2,6,8,15,16,19,53,25,16,3,33,8,23,19,11,58,19,25,30,48,17,0,28,10,3,58,21,61,31,19,17,3,11,8,46,18,3,37,4,9,34,32,41,14,11,13,1,46,17,4,23,4,15,13,9,27,12,6,7,12,5,4,31,22,12,16,6,15,6,13,29,6,18,3,5,8,3,7,7,28,3,0,32,11,4,4,12,4,12,0,7,14,8,20,5,6,20,4,5,6,6,1,11,29,5,10,1,2,1,10,3,2,9,10,2,4,5,3,3,573
"126",40,16,21,60,50,15,40,14,40,16,37,55,34,42,13,100,19,6,6,10,34,96,16,11,9,8,25,16,11,27,31,92,30,15,3,7,10,16,5,18,75,41,13,2,32,6,19,16,13,60,20,23,26,59,13,14,0,7,2,49,32,54,29,20,8,8,11,15,53,17,0,34,1,3,26,13,36,15,4,8,0,53,10,12,27,0,14,10,5,21,5,3,5,10,3,11,40,25,13,16,9,5,3,10,21,9,10,6,6,6,1,7,15,18,4,0,34,5,1,7,14,5,12,3,8,3,4,12,4,10,21,2,3,1,4,1,11,24,3,8,2,6,3,7,3,2,4,5,2,4,0,6,2,530
"161",12,5,2,17,12,5,8,6,14,7,11,9,9,18,10,29,5,1,2,7,11,24,9,5,7,1,7,2,7,17,14,15,5,4,1,1,2,7,4,6,21,9,1,2,17,4,5,5,3,11,10,5,8,18,6,8,3,0,2,12,4,12,5,8,6,1,2,2,10,7,0,5,3,2,12,8,8,4,3,2,2,17,4,3,12,1,6,5,3,11,1,2,2,9,0,2,10,11,6,5,1,9,5,3,7,3,3,2,1,4,5,1,2,7,0,0,8,3,1,4,7,2,1,1,3,4,4,1,0,1,6,2,1,0,1,2,3,6,1,4,2,3,0,2,0,1,1,2,0,3,1,2,0,168
"222",9,6,7,13,7,7,1,12,3,3,4,7,7,11,9,32,6,0,2,4,5,23,5,4,3,5,6,4,4,5,10,21,12,5,2,3,6,5,4,3,19,11,5,0,5,1,5,5,4,12,6,5,14,14,5,0,5,0,0,12,5,9,3,7,4,2,4,0,7,10,1,6,2,0,8,7,11,2,0,3,0,9,1,1,6,0,6,3,1,4,1,4,1,3,2,1,4,6,1,1,2,2,1,4,5,3,7,1,4,1,1,4,4,4,1,1,4,2,3,1,5,2,4,2,1,6,3,5,0,5,6,0,0,2,5,1,0,3,1,5,0,3,2,5,1,0,1,2,0,1,1,4,0,138
"164",101,80,73,157,144,81,113,56,119,59,93,145,85,167,83,307,101,18,16,35,99,273,51,56,55,34,79,49,39,93,108,217,82,52,27,19,32,50,33,47,198,99,42,13,90,31,59,57,29,159,64,100,86,198,35,57,64,18,9,0,76,149,72,69,47,28,29,35,139,46,9,88,9,23,69,54,107,36,18,23,1,132,50,23,76,1,55,39,22,89,16,14,28,40,13,16,102,69,46,46,23,26,16,16,80,54,71,13,11,22,16,21,26,68,10,3,79,29,10,14,24,13,27,18,11,25,27,47,10,19,66,9,8,13,17,7,22,76,17,40,2,11,7,20,11,8,12,29,5,12,7,13,4,1637
"111",52,53,29,89,62,19,37,24,43,23,48,48,48,68,42,98,34,9,10,18,28,159,38,33,20,13,28,27,21,49,46,97,39,28,7,5,11,32,14,28,92,49,25,10,34,10,31,24,14,66,23,32,37,81,22,21,26,12,5,86,0,66,32,35,27,19,10,14,54,24,2,41,6,9,41,29,42,15,8,12,2,69,22,8,36,0,24,17,10,43,11,11,9,24,6,14,49,22,20,32,19,14,6,19,32,14,23,9,3,8,6,8,11,31,6,3,43,13,5,10,10,6,8,7,12,12,11,24,5,4,28,3,8,5,3,4,19,35,5,22,1,4,3,9,7,10,5,11,2,5,2,6,4,755
"245",102,53,55,147,115,40,78,50,90,54,85,101,79,125,68,286,49,20,18,30,86,234,75,75,35,26,76,49,39,101,89,190,94,33,12,16,26,50,29,44,141,76,41,16,75,33,50,45,29,146,60,55,78,173,46,41,43,20,8,140,65,0,53,60,34,21,26,25,109,46,14,81,14,22,84,56,83,26,15,20,4,122,43,22,47,5,45,52,25,87,17,9,23,31,8,17,129,56,34,55,25,29,13,26,61,28,58,6,16,18,16,14,18,66,18,6,69,29,14,22,30,13,29,14,19,29,23,33,11,14,56,7,9,10,25,3,23,55,12,31,6,16,8,14,12,10,12,22,3,7,9,6,7,1431
"76",36,16,17,51,52,16,31,23,46,15,41,45,37,49,22,112,19,3,7,16,42,96,23,15,16,13,25,23,9,21,40,83,25,24,5,14,13,12,11,23,75,26,19,5,29,8,14,20,10,54,18,29,27,83,9,16,25,10,3,59,32,59,0,20,10,7,9,17,48,11,4,28,6,5,27,21,35,17,7,17,1,55,17,10,24,3,13,12,9,26,9,3,8,15,3,3,40,15,14,12,6,16,8,10,26,16,13,5,8,12,9,12,7,29,9,2,32,7,6,7,9,8,11,6,6,5,9,27,3,11,21,3,4,6,5,5,10,33,8,16,1,2,2,12,6,3,3,9,0,7,3,2,1,579
"555",45,31,24,54,50,17,40,29,48,19,38,59,41,80,30,124,18,9,18,17,33,121,24,33,17,15,41,21,19,37,49,93,52,29,10,9,19,18,12,21,77,45,17,8,38,5,27,24,20,75,17,26,29,73,15,18,36,7,5,60,29,59,34,0,14,12,16,10,55,22,5,32,6,8,42,20,49,13,6,13,1,81,14,12,31,2,22,26,3,45,9,5,15,22,4,7,43,31,19,27,16,12,10,3,29,10,25,9,13,4,10,14,7,30,9,1,29,12,9,5,12,4,9,3,4,8,11,19,3,11,32,6,9,2,12,4,15,35,7,16,0,7,9,9,2,1,11,9,0,6,2,8,2,699
"28",35,31,30,34,32,16,22,15,19,8,26,42,30,40,27,79,12,5,6,13,20,73,21,22,5,7,23,13,26,23,25,54,20,8,3,1,7,18,6,15,30,29,15,5,24,8,16,9,8,41,20,10,24,60,15,15,12,4,3,33,23,55,12,16,0,7,3,3,28,8,3,32,1,12,28,22,19,9,4,2,0,35,14,9,20,1,17,13,5,20,9,5,9,15,8,6,26,17,9,10,10,7,7,3,17,5,22,3,8,5,6,7,7,13,5,0,18,14,2,4,9,5,6,7,9,6,7,16,3,5,18,4,3,4,3,0,8,15,5,20,1,4,2,6,2,3,6,9,4,6,5,3,0,439
"246",16,11,10,27,25,9,14,7,17,4,18,16,11,31,14,49,11,3,4,13,13,43,7,14,10,7,12,8,11,11,28,28,13,10,1,3,2,6,3,3,27,11,7,4,8,3,8,7,4,28,9,7,13,29,7,8,12,2,2,20,17,15,11,19,6,0,0,4,16,7,2,18,0,6,13,10,16,5,2,2,0,25,6,3,14,0,7,11,0,9,2,0,4,12,0,1,19,5,5,7,5,3,2,3,17,2,9,1,2,0,3,4,2,9,1,0,18,7,2,5,5,2,3,3,2,3,7,4,1,5,6,0,0,0,2,0,3,13,2,6,1,1,0,7,1,1,3,4,1,2,2,2,0,249
"9",27,12,12,26,31,5,27,15,20,12,17,25,19,33,13,87,16,2,8,12,11,62,25,11,10,8,20,12,13,20,22,37,17,15,2,3,9,9,5,11,33,17,18,2,29,11,20,10,9,35,16,15,19,53,8,11,13,5,4,42,16,40,21,17,13,11,0,9,24,12,2,14,1,5,25,14,26,6,3,4,0,34,4,6,17,0,13,8,4,17,5,1,7,6,0,5,27,13,8,12,5,3,4,6,8,7,7,4,2,7,7,9,9,13,5,0,24,9,5,9,10,3,6,3,2,7,4,2,1,3,14,5,3,1,7,0,10,12,7,11,2,6,3,2,1,1,5,7,3,2,1,0,2,370
"91",18,22,14,26,26,9,21,11,16,4,13,22,12,18,19,57,9,3,3,11,17,47,11,8,9,2,11,12,14,13,16,33,13,10,3,3,9,5,5,8,24,21,6,2,16,0,13,7,4,20,4,9,24,32,12,8,8,3,1,32,16,22,13,11,8,4,6,0,31,7,3,24,0,4,15,12,16,2,3,6,1,23,8,5,9,0,9,9,2,15,1,3,3,5,4,2,16,9,5,8,7,5,4,4,13,4,6,1,3,2,4,4,4,16,3,1,16,3,2,5,9,3,2,0,3,5,4,7,3,9,9,1,2,3,2,2,8,15,5,10,1,1,1,0,1,0,1,4,1,5,0,2,0,279
"266",77,38,40,79,100,26,61,30,70,27,46,77,53,91,47,213,50,12,8,31,74,179,41,32,33,21,47,34,29,43,54,130,74,41,4,12,23,46,20,53,102,72,37,10,53,11,24,55,11,124,30,49,58,112,17,33,57,12,12,124,49,84,56,52,18,17,24,19,0,22,14,42,5,14,52,53,72,17,9,30,2,97,34,14,41,4,33,25,18,67,15,7,17,26,6,8,67,50,22,46,8,24,6,14,41,30,18,7,5,10,9,16,14,64,6,6,46,14,8,10,31,11,14,2,20,22,15,32,4,22,57,5,8,6,13,4,11,48,11,24,4,9,6,11,8,1,12,28,4,6,5,6,2,1047
"427",37,28,29,49,53,14,30,17,39,20,35,44,38,42,30,94,23,12,9,14,25,104,29,26,12,11,23,19,23,32,45,64,26,10,5,7,9,12,13,18,61,24,22,4,29,7,26,20,14,53,11,21,27,63,22,26,17,6,2,44,24,51,16,22,19,10,14,9,36,0,2,34,7,14,35,21,38,16,4,7,0,61,8,5,34,1,21,21,10,23,8,3,15,18,12,8,42,33,11,17,6,9,5,13,21,17,15,5,6,6,6,3,7,20,10,2,40,11,4,6,13,2,8,2,6,8,8,12,5,6,20,4,6,5,1,0,11,19,8,11,3,7,5,9,1,5,4,15,2,6,1,5,1,566
"33",5,9,5,10,7,3,4,3,4,0,1,4,8,11,10,11,3,2,2,0,7,21,4,5,2,3,3,1,5,6,7,11,7,7,1,2,2,7,1,7,14,8,1,0,12,2,6,3,3,9,5,3,6,16,6,2,1,0,0,10,2,8,6,3,1,5,1,5,8,2,0,11,2,1,7,5,6,2,3,1,2,8,5,4,4,0,1,2,1,7,1,1,1,4,0,4,12,5,2,3,1,2,0,1,4,4,2,0,1,1,0,3,4,2,1,0,5,2,1,3,1,0,4,0,0,6,3,4,0,2,7,2,0,0,1,0,2,4,3,3,0,0,3,1,0,0,0,1,0,1,0,1,0,110
"55",64,41,40,82,70,28,56,22,50,29,43,68,44,88,41,194,35,16,16,33,54,166,42,44,23,20,46,27,29,57,67,104,56,23,5,7,17,29,22,39,73,60,17,12,57,17,29,41,19,90,33,40,49,94,28,32,36,13,9,107,42,86,21,47,21,16,19,14,60,36,7,0,3,13,52,36,68,21,18,19,1,82,32,17,27,1,38,18,16,40,12,8,7,20,9,12,73,23,22,25,19,20,11,8,29,24,23,7,8,10,8,16,17,36,13,1,48,16,6,6,24,9,19,7,12,23,18,30,4,9,43,4,5,1,9,6,12,36,14,20,1,9,7,13,4,3,5,11,2,8,9,7,5,918
"72",9,7,11,9,7,3,8,2,7,3,8,12,15,14,10,26,10,1,0,4,7,19,8,5,4,2,4,7,7,8,12,13,7,2,4,1,3,5,6,3,9,8,3,0,9,3,8,6,3,10,5,8,13,14,4,4,5,3,0,12,4,7,3,1,2,3,2,2,8,4,0,4,0,2,7,11,4,2,3,1,0,5,5,2,6,1,4,2,2,9,0,0,4,3,0,1,8,3,3,5,6,2,2,3,5,3,3,0,3,2,1,0,2,6,3,1,4,3,2,2,2,2,1,0,1,0,2,5,0,2,6,2,1,2,1,0,5,4,0,1,0,1,1,0,1,4,0,1,0,2,1,0,1,131
"10",11,15,10,23,19,8,8,9,15,1,10,16,18,26,12,35,4,5,2,8,11,31,8,11,3,5,13,6,5,19,20,32,10,5,3,3,6,7,5,5,26,12,8,1,11,4,9,5,7,25,10,7,17,26,6,11,6,1,1,22,6,21,9,9,7,3,5,7,13,9,2,13,2,0,13,10,13,4,1,3,0,19,4,3,15,1,8,10,4,4,5,0,6,8,3,4,11,11,3,7,5,1,3,3,6,4,11,0,7,1,2,4,4,16,3,0,9,3,3,4,9,0,11,2,1,3,4,5,1,3,10,3,5,3,5,0,5,8,2,3,1,1,3,4,2,1,4,1,1,8,1,1,1,231
"22",40,40,29,60,56,22,42,16,41,22,37,46,52,71,32,159,22,9,9,15,41,159,38,28,22,15,42,26,24,58,51,91,44,21,6,8,22,23,15,29,81,46,19,10,45,17,25,23,15,102,36,27,48,89,26,31,22,10,8,75,32,63,27,29,26,6,19,13,68,22,6,37,8,12,0,40,42,7,9,12,4,64,19,12,40,4,28,25,12,46,16,8,14,20,5,9,45,28,19,23,18,20,8,17,25,27,23,7,3,10,7,14,7,36,7,4,39,21,12,13,22,13,18,6,10,14,14,24,5,12,39,3,6,7,14,1,11,37,8,27,5,8,5,9,7,2,11,8,3,9,5,6,6,790
"20",45,33,26,60,49,21,37,19,40,23,40,46,39,53,44,118,23,10,11,19,22,113,20,36,10,10,49,23,24,57,47,91,43,19,8,5,15,20,16,20,66,46,18,8,33,10,24,18,13,67,24,22,33,76,23,19,28,8,3,55,28,64,27,41,17,16,12,14,52,21,6,35,8,13,38,0,38,17,6,15,0,68,8,12,48,5,30,18,9,20,11,1,11,31,6,9,44,28,12,24,12,17,5,16,24,9,17,2,11,6,4,13,13,41,11,4,36,8,3,10,17,2,13,4,9,14,13,13,5,7,35,8,10,3,6,1,10,22,10,22,2,4,4,6,4,4,6,12,3,14,4,5,0,683
"57",72,40,42,104,101,29,76,32,73,50,82,73,79,117,55,243,42,10,17,34,77,202,37,30,36,16,54,43,31,44,71,137,64,30,6,16,22,34,25,50,140,81,33,10,59,19,32,52,21,128,49,49,70,127,22,38,57,13,12,124,47,92,51,65,18,15,23,24,98,32,6,56,8,17,64,57,0,31,17,21,0,114,23,12,33,4,33,26,20,66,8,8,27,35,5,13,61,38,42,35,24,21,7,12,55,26,25,6,7,13,14,15,15,50,16,1,50,18,4,10,28,9,24,11,17,13,14,24,4,17,48,5,5,10,18,5,20,55,13,23,6,6,5,21,11,6,8,16,3,8,7,9,5,1148
"78",18,24,6,28,32,9,23,6,16,14,20,20,16,16,17,59,7,2,5,11,19,58,7,15,10,10,13,11,8,13,18,54,16,17,1,2,7,7,7,7,29,26,12,3,14,5,8,6,10,27,6,20,18,51,4,11,14,4,0,34,8,33,11,14,9,7,3,8,23,9,0,18,1,8,14,12,27,0,7,4,1,31,5,8,7,0,14,11,1,17,5,2,3,9,1,9,18,6,3,11,8,13,3,3,9,8,12,1,3,5,2,1,5,21,3,1,11,4,1,5,4,8,6,3,2,3,4,6,1,4,12,1,1,2,3,2,4,19,4,5,2,4,2,4,2,2,3,3,0,4,2,4,1,315
"16",7,12,4,13,5,6,9,5,6,4,6,14,14,17,7,33,3,2,3,5,12,37,9,10,0,3,4,5,4,17,7,22,9,2,1,2,1,6,1,8,13,9,5,0,9,4,2,5,4,14,8,6,7,15,5,8,6,0,1,11,1,13,7,5,5,4,2,2,7,5,3,8,0,2,8,13,11,7,0,0,1,12,5,4,4,0,4,2,1,5,0,2,4,5,1,1,12,6,3,7,4,6,3,3,7,6,5,3,0,3,2,3,1,9,5,2,8,1,2,3,5,0,3,1,0,3,6,7,1,3,11,0,0,0,4,1,3,6,0,9,1,3,2,1,0,2,1,3,0,3,0,1,0,161
"68",18,7,11,18,22,6,12,6,17,7,22,18,10,30,14,49,6,4,5,9,17,49,11,9,10,4,12,7,2,14,15,47,15,9,1,1,5,6,6,12,36,21,8,2,17,3,9,9,5,30,4,8,16,32,4,7,10,5,4,28,8,18,12,13,4,3,1,7,21,11,4,8,2,2,8,8,18,7,3,0,0,26,3,3,12,0,11,8,3,20,1,3,3,6,1,3,25,11,5,9,9,3,2,5,14,4,7,3,2,8,2,2,3,14,7,1,20,4,3,4,6,5,5,2,2,9,4,6,2,1,13,0,1,2,3,1,3,20,2,7,1,2,1,3,2,1,2,2,1,0,0,1,1,268
"223",4,0,2,0,6,1,2,2,2,1,4,2,1,2,5,8,0,1,2,1,1,3,3,3,2,2,2,1,2,4,0,1,0,0,1,0,1,3,0,0,4,2,1,0,3,0,1,2,0,1,1,1,2,1,0,0,1,0,0,1,0,2,2,2,0,0,0,1,0,2,0,0,0,1,2,1,1,0,0,2,0,2,1,0,2,0,2,1,1,3,0,1,1,0,0,0,0,1,0,1,0,0,0,0,0,0,0,0,1,0,0,1,0,6,0,0,2,1,1,0,0,0,1,0,0,0,0,1,1,0,1,1,0,0,0,0,1,0,1,0,0,0,0,1,0,0,1,0,0,0,0,0,1,30
"80",93,73,61,154,108,41,109,58,101,38,78,97,78,152,59,264,48,23,18,45,77,268,65,59,35,24,53,44,40,71,93,168,64,42,14,12,35,49,32,51,152,86,44,21,74,16,62,42,28,134,59,56,72,154,35,46,59,19,6,152,72,137,51,67,30,29,30,31,125,52,5,77,18,18,75,59,88,33,16,27,2,0,45,16,57,3,45,33,17,81,29,13,26,29,12,16,89,60,34,44,23,26,11,29,64,34,49,14,17,19,16,13,16,81,17,2,81,23,13,19,35,10,29,10,23,24,27,39,9,20,56,11,11,7,23,6,18,63,18,41,3,16,5,20,12,5,17,21,2,12,11,17,5,1439
"134",16,17,17,21,27,10,24,10,34,18,31,27,15,33,22,77,11,5,6,4,25,55,12,13,21,8,17,8,12,14,18,44,18,8,5,8,11,9,10,23,40,26,18,3,14,7,11,9,5,45,12,14,16,40,8,9,19,3,2,38,16,25,13,22,8,2,8,5,23,6,5,15,0,3,13,23,20,6,8,3,0,26,0,11,19,1,12,13,0,21,3,4,9,16,0,9,18,11,10,14,9,6,3,6,13,10,12,0,6,4,1,7,6,18,4,1,13,4,3,3,6,1,11,4,5,7,7,12,3,3,23,6,2,2,5,0,9,16,7,9,0,3,2,6,1,3,2,5,1,3,5,1,2,365
"23",10,10,4,20,18,11,14,12,20,6,16,16,19,25,6,56,16,1,3,5,10,47,9,12,6,6,9,5,5,20,14,25,16,9,3,2,3,8,5,5,23,20,7,0,19,3,5,7,9,28,15,12,16,45,9,8,14,4,3,25,15,27,7,12,9,4,2,4,18,6,1,13,3,8,20,9,14,9,2,3,0,20,7,0,10,2,9,3,3,15,4,3,4,5,1,5,19,9,8,8,3,3,1,8,10,4,10,1,0,5,2,5,5,6,5,0,11,5,1,1,3,2,3,0,1,11,2,7,2,4,15,3,1,0,4,3,9,8,2,7,3,3,1,4,3,3,3,6,0,3,6,0,2,262
"119",53,45,41,90,48,35,39,19,42,33,47,53,43,54,37,133,25,8,8,17,27,135,30,31,18,15,48,22,29,63,52,97,44,28,11,8,18,27,14,21,66,36,17,4,45,20,25,18,16,72,30,20,55,92,27,33,22,11,10,86,42,68,22,34,23,14,19,8,50,25,5,51,4,20,46,27,33,13,11,11,2,56,23,18,0,1,27,22,8,24,10,9,12,29,5,9,53,26,14,18,10,10,5,6,24,14,25,4,9,8,7,10,11,37,6,1,35,18,4,10,10,4,18,7,12,8,23,25,5,8,29,10,7,7,11,3,10,28,7,16,5,11,4,7,3,5,9,10,3,10,4,2,0,756
"48",2,1,1,0,3,1,4,1,2,1,0,2,1,4,2,4,1,0,0,2,1,3,1,0,0,0,1,0,0,1,2,2,1,0,1,0,1,1,2,0,1,2,1,0,1,0,2,2,0,3,1,1,1,2,2,2,1,0,0,1,1,1,0,1,0,1,0,0,1,0,1,1,0,1,2,2,2,0,0,0,0,0,1,0,2,0,1,1,0,0,0,1,1,0,0,0,2,2,1,0,1,0,1,0,0,0,4,0,0,0,0,0,1,4,0,0,1,0,0,0,2,0,0,0,1,0,0,0,0,0,1,0,1,0,0,0,0,0,0,2,0,0,1,0,0,1,1,0,0,0,0,0,0,24
"8",31,37,21,57,35,19,18,15,21,15,27,30,37,54,37,92,17,6,7,14,25,77,22,24,11,9,17,15,20,38,34,62,31,13,5,7,16,19,15,18,49,31,12,6,33,6,19,13,11,40,16,18,37,62,15,17,20,10,6,49,24,57,23,21,17,6,11,5,25,13,4,32,2,10,28,12,22,8,5,3,0,51,10,11,34,0,0,7,10,13,5,10,7,6,2,9,36,17,15,21,12,5,4,10,29,6,22,6,8,3,2,12,7,17,8,4,29,14,5,10,8,4,9,6,8,13,15,12,2,5,31,5,6,7,7,3,9,21,6,15,3,7,4,6,1,4,5,11,2,11,3,5,3,520
"497",34,19,14,37,33,15,27,9,20,6,19,31,25,30,24,94,15,7,4,14,14,58,14,18,12,8,17,14,14,32,25,52,17,9,6,4,10,13,8,10,45,22,7,3,21,6,10,14,10,46,20,18,26,31,13,8,14,2,2,36,8,46,18,29,15,10,7,9,29,8,10,16,4,8,21,14,23,4,2,4,0,35,11,11,15,0,19,0,6,27,6,4,8,17,2,0,41,16,11,13,7,9,4,6,22,5,16,4,2,9,3,4,6,22,3,1,22,9,1,3,10,5,9,2,5,11,5,7,3,4,22,2,2,5,2,3,9,15,4,14,0,5,0,2,5,1,5,6,2,2,2,3,2,409
"86",21,8,8,21,12,7,10,8,17,5,7,17,14,19,9,42,9,3,4,3,11,26,8,7,1,4,13,6,5,15,8,29,10,4,3,2,2,6,6,5,14,16,5,1,9,2,8,4,4,16,11,11,6,26,5,4,6,2,5,13,11,18,10,7,5,6,3,5,17,6,1,11,1,5,10,10,10,5,0,4,0,17,4,1,7,4,8,7,0,5,4,0,4,6,1,4,10,10,2,10,3,5,2,3,3,3,12,1,2,5,2,6,4,4,3,0,7,3,2,3,6,3,2,3,2,3,8,8,2,1,7,1,1,1,2,0,5,6,3,4,2,4,2,4,1,0,5,6,0,2,1,0,0,200
"875",47,36,30,67,54,24,46,22,55,16,32,56,50,66,25,137,33,13,10,21,41,116,22,27,22,8,29,17,16,33,51,90,35,24,2,9,11,22,17,24,82,50,24,11,40,15,18,36,9,91,26,40,29,100,17,22,35,9,7,82,33,42,29,29,18,13,16,12,64,19,5,43,5,8,34,22,53,14,8,13,0,70,13,9,31,0,23,17,9,0,11,4,12,15,3,7,52,23,28,23,11,16,12,12,37,16,20,13,8,11,12,12,15,24,11,3,35,13,2,7,15,4,19,4,12,9,5,28,7,14,26,5,3,5,4,6,13,35,9,15,1,4,2,11,3,4,8,13,3,6,3,3,2,724
"526",19,18,5,30,20,8,14,11,16,4,8,19,9,27,12,52,8,5,2,7,11,34,10,12,5,5,14,1,10,18,14,36,16,6,4,3,7,4,4,7,20,17,5,5,13,2,14,5,3,15,7,10,15,22,6,10,10,3,3,27,14,19,9,9,8,4,1,4,21,12,2,15,0,3,8,9,14,5,2,2,0,22,4,6,9,0,9,9,5,17,0,1,3,0,4,7,17,16,11,7,5,5,2,1,5,3,12,3,2,5,4,4,2,11,3,1,14,2,2,5,11,2,4,4,2,9,11,3,0,1,14,2,2,0,3,2,1,9,2,1,1,2,1,2,1,3,2,3,0,2,2,0,2,246
"27",7,8,3,11,10,3,4,4,7,2,6,9,10,10,1,18,5,4,1,2,6,18,6,6,3,1,7,2,6,11,10,10,7,3,1,0,3,2,3,1,12,10,1,2,4,0,2,4,1,18,4,4,7,13,1,3,4,0,1,5,7,7,4,3,1,4,2,0,7,4,0,9,1,6,5,2,7,2,0,0,0,12,1,3,8,0,3,0,3,3,1,0,2,4,0,5,7,6,3,4,1,1,0,3,6,4,4,1,0,1,0,0,1,6,0,0,6,2,1,2,1,1,1,1,0,3,2,1,0,3,5,1,1,1,1,1,2,7,0,2,0,1,3,1,2,1,1,5,0,5,0,0,0,111
"99",18,12,13,22,19,8,15,4,18,8,8,16,13,24,14,46,8,6,4,3,17,42,20,7,8,8,12,12,8,14,15,42,7,6,3,4,7,6,6,4,25,12,5,1,15,11,9,10,5,24,13,6,19,29,6,5,6,1,1,20,8,31,13,7,9,3,6,7,11,9,1,13,1,5,21,21,20,4,5,2,2,29,5,6,15,1,10,7,2,11,4,3,0,5,1,2,14,14,9,7,5,6,2,6,9,2,9,3,4,3,3,3,2,13,4,1,15,1,2,5,2,4,6,5,1,6,5,4,5,4,11,3,1,0,2,0,2,14,1,9,1,1,1,4,1,2,7,8,0,6,1,1,0,262
"25",34,14,10,29,31,13,15,14,25,7,13,20,17,26,13,75,11,6,1,15,26,56,14,7,13,11,12,13,16,17,12,34,16,9,8,6,11,11,13,17,53,42,6,3,15,7,16,20,6,38,13,15,18,40,10,11,10,2,3,37,19,30,12,18,10,4,5,5,31,7,2,12,2,8,22,15,14,10,2,6,0,31,7,7,13,2,13,13,4,19,5,0,6,0,1,10,22,14,9,17,4,9,3,6,17,3,11,2,4,6,5,2,4,14,1,1,24,3,1,7,12,5,14,3,5,9,6,12,1,1,16,6,3,6,7,0,8,14,5,9,4,2,1,4,1,3,2,4,1,4,5,2,0,361
"31",14,6,9,6,8,4,6,1,6,2,4,4,8,13,10,20,2,3,5,5,6,23,3,6,3,1,6,7,8,8,10,13,6,2,2,1,3,5,6,2,13,11,5,0,9,5,4,0,2,10,7,5,8,18,5,5,2,2,1,13,3,13,4,10,1,1,1,2,4,2,2,5,0,3,11,7,6,5,0,1,0,11,2,1,6,0,6,2,0,7,2,0,2,6,0,1,7,6,4,6,4,4,0,3,3,3,8,1,1,1,0,3,2,11,0,1,9,3,1,1,6,0,1,0,0,1,1,1,0,1,4,0,1,1,3,1,0,5,2,4,0,0,1,2,3,0,1,2,0,1,1,0,1,127
"13",5,14,11,18,15,7,12,6,15,5,12,9,9,19,14,38,10,0,6,7,16,33,10,6,7,3,8,4,16,16,11,21,17,9,1,1,5,5,6,9,21,8,3,2,10,6,9,7,6,19,7,5,17,24,3,4,8,3,3,15,6,27,5,9,4,3,6,5,20,12,2,7,0,4,13,9,10,7,0,3,1,16,5,4,7,1,14,3,3,7,2,2,2,5,1,0,6,9,5,5,5,6,1,4,3,1,7,2,0,3,0,2,1,11,3,0,9,1,2,0,4,2,4,1,2,6,7,4,3,1,13,1,2,3,3,0,3,5,6,4,0,3,1,2,2,0,1,3,1,3,2,1,0,204
"163",89,61,49,100,116,35,80,47,86,45,73,69,69,90,56,232,51,16,16,37,71,210,48,37,34,26,58,46,39,57,74,157,74,38,5,21,24,31,18,33,130,88,35,9,49,17,28,39,23,127,66,39,67,189,28,39,43,6,15,121,64,112,49,51,26,17,29,21,107,33,8,57,10,16,66,48,74,31,13,14,0,94,39,13,56,2,35,30,16,66,14,10,19,25,9,10,0,53,26,35,22,14,10,12,49,25,28,9,15,20,14,13,17,61,16,5,57,12,4,11,36,12,23,10,13,20,28,36,5,18,52,9,6,9,17,9,15,55,19,28,3,15,4,18,12,4,11,17,4,10,8,18,8,1208
"98",35,25,30,47,39,21,39,14,36,20,35,42,27,48,26,119,21,7,8,13,25,94,26,31,9,14,31,10,30,37,42,60,46,17,7,5,17,17,12,9,54,33,13,8,39,11,24,20,13,42,22,11,40,73,17,24,14,5,4,59,30,52,14,35,21,4,11,10,31,23,7,27,4,16,35,25,33,11,7,9,2,56,15,17,27,0,17,15,12,24,7,4,9,13,4,11,45,0,11,21,6,14,4,11,28,12,15,5,5,6,6,4,5,29,9,1,29,4,4,5,16,5,9,7,9,6,7,21,5,5,18,2,2,1,4,4,9,30,9,14,3,3,2,11,7,5,9,7,0,6,3,3,4,576
"35",20,11,15,41,27,8,25,13,20,7,19,24,17,27,13,59,3,4,4,8,26,48,7,12,8,3,16,9,6,13,19,39,17,12,4,4,8,16,4,9,35,21,9,2,23,3,16,17,7,25,12,20,15,23,6,11,15,1,1,38,15,27,16,21,7,11,4,3,20,11,4,18,4,11,21,14,18,6,6,2,0,27,6,4,14,0,8,5,6,14,5,1,6,5,2,6,23,13,0,10,7,2,1,4,14,7,5,2,4,6,3,6,4,13,4,1,17,8,1,3,10,3,6,3,3,5,3,5,2,3,13,5,1,3,3,1,3,17,3,8,2,1,2,3,1,1,2,10,2,1,1,7,1,317
"105",34,24,28,59,46,19,32,21,38,15,31,37,35,47,28,105,22,6,5,13,37,97,21,18,20,9,33,20,18,29,39,67,28,19,4,7,14,17,10,22,58,32,17,4,37,11,17,36,12,66,19,16,35,61,14,18,24,5,2,64,28,49,22,24,20,4,15,12,46,22,7,30,5,10,35,17,50,23,5,7,2,58,16,7,19,0,25,18,9,31,4,4,12,9,1,11,45,25,16,0,9,12,2,9,35,11,22,3,10,6,7,10,8,28,11,1,36,6,5,5,7,3,9,3,7,10,5,16,3,10,28,5,0,1,6,2,15,21,6,11,1,2,4,4,5,3,10,11,2,2,2,5,0,584
"63",11,10,10,19,16,9,6,10,13,11,18,14,9,23,14,31,7,3,4,6,7,38,11,9,4,5,16,5,7,25,15,28,7,5,1,4,4,5,5,6,20,8,5,1,7,5,15,6,4,20,3,6,18,21,13,8,7,4,1,22,11,19,3,10,6,4,3,6,11,4,0,12,1,0,13,10,8,6,4,2,1,12,4,4,9,0,7,3,4,12,7,2,3,4,2,2,11,11,3,11,0,4,2,6,8,4,6,1,4,0,0,3,7,10,2,0,15,8,2,2,5,4,3,2,3,7,4,5,3,2,5,4,1,2,2,1,4,2,0,5,0,2,3,2,0,7,4,2,4,4,2,1,1,214
"82",15,16,9,30,24,2,18,7,20,5,13,23,16,16,17,68,10,3,2,6,24,49,13,18,4,3,10,12,13,14,26,37,18,5,5,3,6,15,4,10,34,29,3,3,19,5,9,12,9,28,11,11,10,40,13,13,6,3,3,23,13,32,11,7,6,5,5,8,24,16,2,14,2,6,20,11,22,6,3,5,1,22,11,1,9,0,12,8,4,14,6,5,7,12,1,4,25,33,4,10,8,0,3,2,10,7,4,4,6,3,3,3,4,14,7,2,32,10,3,7,12,3,7,1,6,5,6,4,2,4,12,0,4,2,4,0,9,14,5,7,3,5,1,6,1,4,3,2,1,1,0,4,0,314
"59",7,9,3,14,7,6,3,2,6,6,6,7,5,16,13,32,6,1,0,4,11,16,1,3,4,3,9,3,6,5,18,20,9,6,1,0,1,2,4,2,13,11,2,0,8,2,5,5,6,10,9,6,12,20,9,1,4,3,2,11,5,13,8,8,5,7,4,1,10,6,0,6,2,3,10,10,10,0,2,3,0,11,2,0,6,0,3,3,0,8,1,1,4,5,2,3,10,8,2,7,1,1,0,2,6,5,4,1,2,3,1,3,1,4,4,1,11,1,1,2,6,1,2,2,1,4,3,6,0,1,6,1,1,2,1,1,0,6,1,2,1,2,2,2,0,7,2,5,1,0,2,0,0,146
"50",14,17,14,30,28,9,15,6,12,2,16,22,20,21,9,59,10,2,6,6,13,41,8,19,5,5,10,15,12,12,22,28,21,4,1,4,5,4,9,10,21,14,4,1,14,8,12,6,7,33,6,6,13,22,11,5,8,3,2,27,12,28,15,15,12,3,5,5,26,7,0,6,2,7,15,14,18,3,9,4,1,19,3,3,12,0,5,5,4,15,8,4,6,6,3,2,13,8,4,10,7,5,3,0,15,3,13,2,5,3,3,3,2,8,4,1,13,8,2,3,5,4,5,1,4,3,4,11,1,3,10,0,3,2,3,0,2,15,10,8,0,1,2,7,3,1,3,2,2,1,1,2,2,270
"238",46,30,32,73,49,25,25,24,42,19,27,52,45,72,22,115,30,10,2,18,51,117,31,31,23,10,22,19,25,40,35,79,24,22,5,11,14,17,23,21,67,43,18,8,40,16,16,20,14,59,30,22,25,75,20,17,23,12,5,52,31,65,21,33,24,12,13,12,48,13,4,45,3,15,32,20,33,6,9,12,2,65,8,10,34,2,21,20,6,44,8,3,19,21,6,4,47,27,17,24,14,9,4,11,0,15,22,6,9,6,8,6,12,32,4,2,55,8,5,11,18,11,14,4,11,7,12,17,4,4,17,3,1,3,8,6,11,25,8,15,2,5,1,9,3,4,5,11,3,6,9,5,0,660
"106",22,13,12,22,30,9,21,11,15,3,25,22,15,18,19,59,8,3,4,8,19,57,7,11,5,6,16,7,7,17,18,37,11,9,1,6,6,6,6,14,29,17,2,3,15,8,14,12,7,39,12,14,9,34,6,10,11,3,3,46,22,33,9,14,4,7,9,6,22,8,2,24,2,6,21,16,12,6,0,3,1,31,9,4,17,1,5,8,6,11,4,4,8,9,4,2,26,16,7,14,5,8,2,4,16,0,11,2,1,3,3,5,4,11,5,1,17,4,2,0,5,3,6,6,3,7,4,7,1,2,13,1,2,1,3,0,4,12,3,10,1,4,1,2,3,1,5,0,0,4,3,1,1,307
"92",51,38,20,53,34,13,22,12,28,12,29,49,32,57,33,100,26,6,8,18,23,108,29,19,6,9,24,13,18,41,49,68,26,11,6,6,16,17,10,33,56,35,15,5,34,16,25,15,14,54,19,15,31,61,30,20,13,8,8,56,33,44,21,14,18,14,14,18,33,30,4,32,8,9,31,24,30,14,9,4,1,40,12,10,34,1,21,13,8,26,10,3,14,16,3,8,31,29,10,19,11,11,6,7,26,18,0,3,10,5,6,9,9,21,6,0,40,15,7,4,14,10,10,10,10,15,12,14,6,5,23,4,4,4,8,1,12,13,8,12,2,3,5,5,4,5,5,9,3,11,2,1,0,576
"44",6,5,3,13,9,5,11,4,4,2,12,10,5,16,5,22,4,3,3,3,7,18,7,4,4,5,3,2,5,2,5,18,9,3,0,0,1,3,2,6,8,10,4,1,7,0,4,6,1,7,3,1,10,10,0,5,4,2,1,10,8,8,4,7,5,1,2,4,11,4,1,7,1,2,5,5,8,1,2,3,0,11,2,3,7,0,4,1,0,7,1,0,1,2,1,2,7,4,3,1,1,2,1,0,4,3,1,0,0,2,0,2,0,5,0,0,9,1,0,0,6,1,2,1,3,9,3,3,0,3,3,1,0,0,1,1,1,1,2,3,0,2,0,0,1,0,0,2,0,1,0,0,0,114
"498",14,10,10,10,17,2,8,8,11,2,8,14,6,20,7,54,9,4,1,7,6,17,12,15,5,2,5,5,3,11,14,25,7,6,3,2,7,7,6,3,14,18,7,1,10,3,5,3,2,22,5,9,12,11,5,5,4,0,0,18,17,9,8,9,5,6,0,4,12,7,2,8,1,3,12,6,10,4,3,1,1,16,3,3,6,1,5,4,2,7,3,0,0,3,1,1,13,6,4,10,4,6,0,3,10,4,10,1,0,5,5,1,2,6,0,0,13,2,1,3,4,0,6,1,6,6,0,5,1,3,3,1,1,2,1,3,2,10,2,4,0,0,0,4,2,0,1,2,1,1,0,2,2,181
"201",16,3,7,23,13,4,21,9,15,3,16,14,9,27,9,47,8,2,3,9,5,37,8,8,3,3,10,6,6,14,14,27,15,4,2,3,2,7,5,10,38,21,7,4,21,4,4,6,5,28,2,7,15,23,4,7,7,2,0,15,10,16,9,15,6,6,4,3,14,5,0,10,2,5,9,11,8,8,1,3,0,33,10,4,12,0,8,5,3,13,2,1,4,3,1,4,15,5,4,8,2,4,1,2,7,7,11,2,0,0,1,3,4,8,2,1,8,2,2,2,10,0,4,2,4,6,6,10,2,4,15,1,0,0,4,1,2,11,3,6,3,0,2,6,0,2,2,3,0,2,3,0,0,226
"127",9,11,5,11,12,4,12,4,16,3,10,8,5,11,12,24,4,0,1,4,10,23,4,4,3,2,6,6,5,8,10,13,10,4,3,1,1,8,4,1,11,10,3,1,14,1,6,3,4,16,6,5,12,13,7,4,5,6,1,14,5,11,8,4,5,6,0,3,8,7,0,9,3,2,9,6,6,2,2,1,0,13,3,1,4,0,6,5,1,3,0,0,6,4,2,2,7,7,3,7,1,0,1,2,11,4,1,2,0,3,0,1,3,9,2,0,5,2,2,3,5,0,5,1,4,6,5,4,1,7,5,0,1,1,2,0,5,6,1,7,0,1,1,0,0,2,3,4,1,4,0,0,1,148
"235",15,14,8,18,19,5,13,6,24,6,15,17,15,28,10,32,15,3,1,7,13,43,6,10,5,5,13,6,15,18,9,30,16,5,1,1,7,8,9,6,13,13,7,1,13,5,12,10,4,24,10,11,20,30,6,11,7,2,1,30,10,25,12,10,5,5,2,1,11,13,1,11,1,1,21,9,18,3,1,5,0,17,5,3,16,0,7,1,4,13,2,4,6,6,2,3,12,12,9,4,4,5,3,1,9,6,6,3,0,3,1,0,5,10,4,0,10,2,4,7,5,0,6,1,4,5,2,7,1,2,10,0,3,1,3,1,7,11,2,6,3,0,1,0,0,1,3,0,0,1,2,1,0,238
"154",11,7,6,16,17,4,21,4,15,10,10,7,11,17,12,40,10,3,1,3,12,31,8,8,5,3,12,4,3,11,11,24,14,9,2,2,4,8,5,7,23,11,3,2,20,5,7,6,7,25,5,9,12,21,8,3,8,2,4,18,7,21,10,13,5,5,5,3,11,5,1,9,2,2,8,8,11,3,2,2,0,21,1,2,6,1,8,5,3,10,3,1,2,5,3,5,14,11,6,7,5,4,2,4,13,5,10,2,2,1,0,0,0,11,2,1,14,1,1,2,3,3,3,7,3,8,3,7,0,1,8,2,3,3,7,0,5,7,3,5,2,0,0,2,1,0,3,2,0,1,1,2,1,206
"2",70,33,39,76,74,25,52,32,53,29,56,77,47,98,41,164,37,11,13,24,67,158,30,34,25,13,42,27,28,48,61,105,44,24,10,13,11,28,20,34,104,62,22,6,44,14,20,38,15,75,30,38,48,83,20,43,45,13,10,76,39,86,37,46,17,12,16,15,68,27,7,36,7,9,43,53,63,16,9,12,0,83,27,15,30,1,25,21,13,50,10,5,14,21,8,8,57,37,19,21,5,14,6,12,31,14,27,13,8,10,9,13,21,0,7,3,48,11,5,13,22,7,10,5,11,16,13,18,4,12,35,9,7,4,6,1,15,54,12,20,4,10,6,19,5,1,9,9,3,2,5,2,2,878
"133",13,13,3,14,12,5,8,5,6,4,5,15,16,13,8,30,7,4,3,3,11,38,10,9,2,3,8,6,6,9,11,27,8,6,1,2,8,3,2,7,20,9,6,0,13,3,11,4,6,12,3,11,10,22,5,9,9,3,2,16,11,12,7,10,5,2,3,3,8,9,1,15,2,6,12,4,7,3,3,4,0,14,4,3,10,0,2,2,4,2,2,1,6,4,4,4,13,3,2,5,1,2,2,2,12,2,7,1,2,0,0,3,1,6,0,0,12,4,1,4,6,0,7,1,6,3,0,5,2,2,3,0,4,2,2,0,5,5,0,3,0,1,0,2,0,0,1,3,1,2,1,1,0,176
"42",4,1,1,1,1,0,2,1,0,0,5,2,1,4,2,8,2,0,0,2,1,7,3,3,2,0,2,1,2,3,3,2,1,2,1,0,1,2,0,1,2,3,1,1,2,0,2,0,0,4,3,2,3,1,1,2,0,0,0,1,4,3,2,0,1,2,1,0,2,4,1,1,0,2,4,2,4,0,0,0,0,3,2,1,1,0,4,1,0,1,0,0,3,0,0,0,1,1,1,1,0,0,0,1,2,1,2,0,0,0,0,0,0,1,2,0,1,2,0,0,4,0,0,1,1,0,0,0,1,1,2,0,0,0,1,0,2,2,1,3,0,0,0,0,0,1,1,2,0,0,0,0,0,38
"54",55,28,31,87,69,30,40,28,44,18,39,42,48,65,35,145,33,11,14,21,46,115,34,25,27,15,34,28,30,50,45,79,101,23,9,7,19,34,13,34,76,45,17,6,48,15,21,27,13,81,31,15,59,90,20,37,42,9,5,88,42,70,24,42,28,15,21,15,68,18,9,48,8,15,37,27,51,15,9,16,1,82,21,10,38,3,32,25,11,48,7,5,11,27,8,4,48,28,18,27,14,23,8,16,43,10,25,7,15,9,7,12,12,38,9,3,0,9,3,15,16,9,10,7,14,14,16,17,4,8,28,7,8,8,9,2,16,35,8,18,2,3,4,11,6,5,12,6,1,8,2,5,0,805
"14",24,7,9,13,19,13,13,5,13,11,9,8,8,13,14,43,7,0,2,3,9,32,9,3,5,3,15,7,9,15,14,22,15,6,3,5,7,8,3,5,27,11,9,2,13,3,12,6,5,19,8,1,13,22,5,6,2,3,2,16,6,24,3,13,10,2,3,4,12,13,0,8,3,4,8,10,14,5,1,2,1,27,2,4,11,2,5,8,3,12,6,2,4,3,1,2,15,7,3,7,5,2,1,4,8,3,4,1,3,1,2,2,5,5,7,0,17,0,3,2,7,2,6,2,3,2,4,6,1,5,10,1,2,0,3,1,1,5,2,5,1,6,1,1,1,4,3,2,1,6,3,2,2,212
"420",6,2,9,10,10,3,7,4,7,6,7,13,6,12,7,23,7,3,1,2,2,27,4,1,1,4,7,7,0,10,10,15,9,3,1,3,1,7,2,4,11,4,2,1,2,0,3,4,2,10,7,6,4,7,4,5,4,0,3,6,9,14,4,8,5,5,4,0,12,3,1,13,0,2,5,7,13,0,2,1,0,10,4,0,5,1,3,5,1,9,2,0,1,5,1,0,7,6,5,6,3,3,1,2,3,1,3,1,0,1,0,4,1,8,3,1,6,2,0,1,4,1,5,2,3,1,3,4,1,1,4,3,0,1,1,0,1,5,1,4,0,0,0,0,0,0,0,2,1,2,1,2,1,125
"90",8,3,6,13,10,3,4,3,7,5,7,9,9,23,11,26,3,2,1,3,7,25,7,3,4,2,13,4,5,13,11,16,4,2,0,0,6,3,6,4,20,12,4,1,5,4,8,2,4,19,9,8,2,23,6,5,5,1,0,15,8,14,5,4,4,5,1,2,14,6,5,6,2,6,12,7,15,2,1,5,1,22,4,3,9,0,4,3,2,6,2,2,1,4,2,3,10,12,6,3,4,7,6,2,5,2,7,1,4,3,2,1,3,6,2,0,11,4,1,0,2,1,6,0,2,4,2,6,0,1,5,3,1,3,4,1,4,7,2,6,0,2,1,3,0,0,1,4,1,2,0,2,1,163
"516",26,20,15,23,22,5,19,10,12,12,14,23,18,24,29,81,14,4,6,12,21,61,19,16,11,8,15,6,17,19,26,40,26,14,5,2,4,11,7,11,43,20,11,1,16,1,13,13,8,30,11,19,18,33,12,15,19,6,7,39,11,28,20,14,12,10,1,8,32,9,3,19,3,14,20,19,27,5,6,2,0,26,6,1,14,1,7,4,4,23,7,1,10,13,4,2,31,10,9,17,2,12,6,4,15,7,6,3,6,4,5,8,4,11,3,5,17,8,1,7,0,3,5,3,2,5,4,8,3,4,15,0,2,1,1,0,5,13,4,9,1,2,1,5,2,0,5,6,1,3,4,1,2,354
"429",9,10,6,14,16,5,11,4,10,2,7,6,9,12,4,33,9,1,2,7,13,35,9,4,5,3,8,1,5,9,8,27,7,4,1,0,0,4,4,4,14,9,3,2,11,3,2,8,2,14,3,2,13,19,4,7,9,1,3,18,9,16,2,2,5,4,2,5,8,5,0,10,1,3,9,6,10,3,3,0,0,10,2,5,3,0,5,5,1,4,3,3,2,5,2,2,14,9,3,2,2,6,2,2,6,5,1,0,0,3,1,2,2,9,1,0,13,1,1,0,4,0,2,1,0,1,5,5,0,3,8,0,0,0,3,0,6,12,2,3,0,3,2,3,2,1,2,4,0,0,1,2,0,158
"7",17,13,9,22,34,11,14,12,22,10,17,27,24,27,12,52,7,2,3,4,22,46,12,13,11,4,10,15,13,12,16,34,13,6,3,4,4,10,7,8,27,24,4,1,11,2,9,9,6,27,7,9,12,16,9,12,17,5,1,28,11,47,5,13,5,5,10,6,22,4,2,11,3,3,12,18,15,3,4,2,1,20,11,7,11,0,11,7,5,16,9,2,3,10,1,4,17,7,7,11,4,2,4,2,10,3,4,1,1,3,0,3,3,10,0,2,6,6,2,4,6,5,0,3,1,5,6,9,2,3,11,2,2,2,2,0,3,15,2,12,1,2,3,4,0,0,4,2,0,2,1,3,3,277
"268",7,6,2,8,12,6,7,1,6,7,6,5,16,17,6,17,5,2,0,3,4,20,5,4,3,1,6,1,5,3,12,19,2,1,1,0,2,4,0,5,7,7,4,3,10,3,9,3,2,9,4,2,7,11,2,3,3,2,0,7,6,15,2,3,4,3,3,2,11,4,0,7,0,0,12,4,6,2,1,1,0,13,2,5,7,0,6,5,2,5,1,0,5,2,2,0,6,2,3,4,3,3,0,0,6,0,5,0,2,0,0,1,2,8,1,0,7,5,2,0,1,1,3,0,2,1,2,4,0,1,4,0,1,3,0,0,0,1,0,1,0,4,1,2,1,1,1,1,0,2,0,0,1,115
"19",13,14,8,15,16,2,11,6,7,5,6,10,6,19,6,14,4,1,2,2,9,33,10,4,3,5,7,3,5,7,11,22,6,3,2,1,4,7,3,3,16,9,3,1,9,4,4,4,3,14,6,2,7,15,7,8,8,2,0,16,4,12,8,8,3,2,3,1,10,5,1,7,1,3,11,3,6,3,4,1,0,11,1,2,5,0,3,6,1,6,1,2,2,4,1,2,17,4,3,6,4,5,0,1,6,4,6,1,2,1,1,3,1,7,1,1,11,5,1,1,2,3,5,1,0,4,2,2,2,2,1,3,0,2,2,1,1,10,0,6,0,3,1,2,1,4,1,3,0,3,1,4,0,152
"11",32,17,9,26,17,9,8,8,13,9,17,12,10,36,15,55,14,2,6,5,16,40,15,7,4,9,12,8,13,13,26,30,15,3,3,5,5,5,7,4,26,19,7,2,14,5,11,8,4,22,9,11,19,25,9,7,12,3,1,21,7,24,8,12,11,5,6,6,14,6,2,17,0,5,18,7,14,4,2,5,0,19,7,4,20,1,9,8,4,8,4,2,8,7,0,3,20,12,7,10,4,6,5,2,10,4,11,5,2,3,4,9,2,8,3,2,16,3,3,1,4,3,5,3,1,0,7,11,2,2,7,2,2,0,3,3,4,13,4,4,0,1,3,6,2,1,0,2,0,5,1,5,0,266
"6",18,14,8,32,15,12,9,9,13,4,13,20,22,24,12,44,9,3,4,9,12,36,14,13,5,2,24,12,11,19,21,31,22,8,1,4,7,6,10,8,24,12,7,0,14,9,11,6,7,19,8,5,16,31,10,6,12,5,2,20,6,27,10,6,5,3,5,5,22,9,2,19,4,4,20,9,18,5,2,4,0,26,4,5,17,1,13,12,5,16,2,3,11,12,2,2,9,7,9,7,9,6,1,5,10,7,10,4,3,3,2,7,5,12,1,1,6,6,5,4,4,5,4,4,5,7,0,3,5,1,14,0,1,2,1,0,6,6,4,9,2,3,1,2,1,1,4,6,1,2,0,1,1,269
"53",28,13,12,35,30,10,24,17,29,10,18,32,26,32,18,72,16,9,6,15,24,66,13,10,9,5,13,12,10,22,25,66,30,16,5,5,6,12,10,13,65,24,10,2,20,4,9,11,11,42,20,16,20,41,6,9,15,2,2,33,27,39,16,13,9,0,9,6,39,11,0,30,2,4,14,15,29,5,5,5,0,30,9,6,15,0,7,5,5,16,6,0,13,10,1,4,29,10,11,9,4,9,4,7,15,6,10,2,2,5,2,7,5,15,4,1,13,8,3,5,5,4,4,3,4,9,5,0,1,7,13,0,3,2,1,1,8,13,7,8,1,2,2,5,2,3,5,4,3,3,3,1,1,382
"150",4,4,3,12,8,1,2,2,4,5,6,11,8,11,2,15,3,4,2,4,4,14,4,3,2,1,7,3,3,5,5,15,4,2,1,2,2,4,3,2,10,7,3,0,2,4,3,2,2,7,2,5,1,6,2,3,0,1,1,4,4,5,2,3,1,0,3,1,10,2,0,4,0,0,4,6,2,2,0,5,0,7,2,0,2,1,1,3,1,6,1,3,0,1,1,0,6,6,2,3,1,1,2,3,2,1,2,0,5,4,0,0,1,5,1,0,6,1,0,1,5,1,2,1,0,4,2,6,0,1,7,1,1,0,2,0,3,6,2,2,0,1,0,3,2,0,1,1,0,1,0,1,1,91
"240",8,12,7,15,14,7,15,4,10,4,10,17,11,19,14,39,3,1,2,4,14,34,4,12,4,1,4,7,3,14,12,16,15,5,2,2,3,4,3,4,15,8,7,0,6,1,4,5,3,17,9,8,12,20,5,7,5,2,2,7,9,14,5,11,6,4,4,4,25,4,1,6,3,1,9,11,11,5,2,4,0,13,1,3,6,0,4,3,4,7,2,0,3,3,2,2,12,8,2,11,4,3,3,6,6,4,7,1,1,5,0,3,1,10,0,0,10,3,4,1,2,4,6,1,4,5,1,6,0,0,7,2,0,1,2,1,2,12,3,1,1,0,0,3,1,0,3,5,1,2,3,2,0,180
"112",37,27,27,46,50,12,39,22,42,27,31,46,46,62,32,121,21,4,9,16,54,122,16,16,26,8,19,23,20,40,37,83,38,14,12,11,16,25,12,27,80,46,24,2,31,13,26,13,10,80,26,21,44,71,15,18,21,12,12,60,37,67,25,30,17,8,12,11,51,18,4,29,4,9,24,22,39,12,7,12,1,49,25,10,30,0,24,17,10,34,16,5,20,15,9,6,36,22,15,20,6,14,6,9,16,14,25,2,4,3,5,8,7,30,10,3,26,9,10,7,15,5,16,14,15,11,11,13,6,6,0,4,11,2,2,2,8,23,12,13,4,10,3,9,3,7,6,12,1,8,4,6,1,648
"110",5,2,4,8,7,3,1,4,6,3,7,7,7,10,1,16,3,1,1,3,2,13,4,2,2,0,3,1,5,6,9,16,2,3,2,3,2,3,1,2,11,7,1,0,5,1,4,6,2,12,4,2,7,7,1,5,3,0,0,13,5,5,4,7,7,4,2,0,3,1,1,2,0,0,4,5,5,0,0,2,0,9,3,1,9,0,2,4,1,7,2,1,2,1,1,0,7,4,1,2,2,0,1,0,3,2,2,1,0,0,0,0,1,4,2,1,5,0,1,4,1,0,0,1,2,3,0,1,0,2,1,0,1,0,2,0,3,2,2,2,0,1,1,0,0,1,1,2,1,0,1,0,0,89
"45",7,6,5,10,7,2,5,3,4,2,9,7,1,9,7,18,5,2,1,1,2,15,4,3,0,1,5,3,3,10,5,18,3,4,3,0,2,4,3,1,5,9,2,0,9,2,6,3,3,10,2,4,5,12,4,5,2,2,1,6,4,13,2,7,5,5,0,2,5,5,1,4,2,4,4,5,2,1,5,1,2,7,2,1,1,2,2,1,3,2,2,0,1,5,0,3,3,1,0,1,0,2,1,2,5,3,4,0,2,0,2,1,1,3,1,0,3,3,3,1,2,1,1,1,1,1,2,4,1,1,3,0,0,1,1,1,0,2,2,3,0,1,0,2,1,3,1,4,0,4,1,0,0,98
"36",6,2,2,3,7,2,3,2,1,3,7,5,2,6,8,16,4,1,1,4,1,10,8,2,0,1,2,0,4,1,5,7,1,2,0,0,1,1,3,4,8,2,0,2,3,1,2,0,1,5,2,1,3,7,5,7,1,1,2,5,5,1,3,2,5,1,0,0,4,7,0,5,1,1,6,3,4,1,0,0,0,6,1,0,3,0,3,0,0,8,2,1,1,3,2,0,3,7,0,1,3,1,0,1,2,2,1,1,1,4,1,2,2,1,0,0,7,1,1,1,2,1,1,0,1,3,2,3,0,0,2,1,0,0,1,0,3,6,1,0,0,0,0,1,0,0,2,1,0,1,0,0,0,70
"143",7,9,1,17,5,2,8,5,11,5,6,15,9,27,6,20,8,3,1,3,11,22,9,5,4,4,7,3,4,10,9,17,10,1,0,2,5,2,2,4,13,14,2,1,9,5,6,4,1,19,5,4,7,15,6,4,2,1,1,15,5,17,4,4,5,4,2,1,12,2,0,5,2,6,10,9,9,1,4,2,0,13,2,2,12,0,7,4,1,5,5,0,5,2,0,1,7,2,3,4,3,3,4,3,4,6,6,2,3,1,3,1,5,8,0,0,11,5,1,1,3,0,2,2,2,7,3,1,0,1,5,2,2,2,0,2,2,6,1,4,3,2,1,1,0,2,2,1,0,2,0,2,0,149
"136",3,3,1,5,4,2,5,2,2,1,5,9,4,7,3,14,1,0,0,1,3,12,4,1,1,0,1,0,1,5,5,10,1,1,1,1,0,3,3,2,5,5,2,0,8,0,1,3,2,7,4,1,2,11,2,1,2,0,1,9,4,3,0,1,0,1,1,0,3,1,0,6,1,1,3,3,2,0,2,1,0,4,1,0,2,0,2,4,1,3,0,0,2,0,0,0,2,2,2,2,2,1,2,3,1,3,1,1,1,0,0,2,1,3,0,0,4,0,0,0,0,0,0,0,2,4,1,3,0,0,8,0,0,0,0,0,1,3,1,0,0,0,0,0,0,1,0,1,0,1,1,0,0,61
"103",20,15,7,21,9,10,10,7,11,7,17,19,17,26,11,58,14,5,2,7,18,44,14,12,14,4,19,7,12,21,19,32,12,8,5,4,4,7,10,12,29,17,7,1,13,4,11,7,6,25,16,14,10,28,9,10,11,5,1,15,10,23,9,13,4,4,3,3,21,5,1,11,2,2,14,16,11,6,4,4,0,23,6,2,13,1,16,6,2,12,3,0,7,8,2,2,19,19,6,6,1,7,3,4,14,5,11,0,2,5,6,5,6,8,1,2,21,4,2,1,7,1,5,1,4,5,6,10,1,1,11,3,4,1,2,0,0,10,10,10,1,0,4,3,3,2,6,2,1,2,1,3,3,272
"79",38,27,24,69,56,24,49,19,54,21,52,53,44,63,19,134,14,7,11,15,52,119,28,28,21,12,23,17,15,29,41,81,52,25,2,5,18,19,21,21,78,57,23,4,36,11,16,22,17,74,25,31,28,86,7,24,27,8,7,65,29,72,31,26,14,10,12,15,72,13,4,41,5,9,39,31,49,13,7,14,1,68,18,12,24,1,22,19,11,34,7,6,6,24,4,7,41,16,19,20,9,11,10,8,22,14,27,4,8,13,5,15,11,37,5,2,29,14,4,11,26,8,17,5,6,12,8,26,2,8,30,1,2,3,6,5,7,0,1,15,4,4,4,7,4,4,9,11,1,4,4,6,2,689
"1",14,4,2,9,13,4,10,2,11,9,12,14,7,24,7,41,12,4,3,3,7,40,4,4,4,1,9,5,8,14,7,23,12,8,0,2,3,5,1,9,22,12,8,3,10,3,10,8,5,17,10,4,13,18,3,3,4,1,1,19,4,14,11,13,6,3,7,2,10,3,4,15,2,5,15,9,7,2,1,1,0,17,2,5,8,0,6,3,1,13,5,1,0,9,2,1,3,4,6,5,1,3,2,1,9,7,7,5,3,2,3,4,4,5,3,1,10,2,2,3,4,1,3,2,2,11,3,6,2,1,9,2,2,3,4,1,1,16,0,2,2,1,2,2,2,0,4,4,0,4,1,1,0,189
"51",25,18,15,23,20,14,19,11,18,13,16,27,14,33,16,59,10,1,5,10,17,53,17,12,6,7,11,6,15,22,13,41,12,12,6,3,7,9,4,8,29,12,9,1,16,4,8,8,4,37,15,8,21,42,9,9,10,2,2,25,11,27,11,10,10,3,10,5,26,13,3,24,2,3,21,18,14,12,5,2,0,27,9,2,27,1,14,14,5,22,3,4,6,5,1,3,16,10,6,13,11,6,3,5,10,11,9,1,4,6,3,3,6,19,2,1,16,6,1,3,9,4,8,3,2,7,5,7,3,5,13,4,2,2,7,1,10,14,3,0,2,1,1,0,6,1,5,9,1,2,2,2,1,321
"83",2,2,3,3,3,0,2,1,1,0,3,1,3,6,4,13,0,0,1,0,2,8,3,5,0,1,3,1,3,1,3,10,3,5,2,1,1,2,1,1,4,4,0,0,6,3,3,1,3,2,5,0,4,6,0,0,4,1,0,4,2,3,2,0,0,1,1,0,2,4,0,2,0,0,2,3,4,0,1,1,0,6,0,0,3,0,3,3,0,3,0,2,0,2,0,1,4,3,1,1,2,2,1,0,2,0,2,0,0,0,1,0,0,3,1,0,6,3,0,0,2,0,2,0,2,1,3,2,0,1,2,0,0,0,0,0,1,2,1,2,0,0,1,1,0,1,0,1,1,0,1,0,1,53
"17",10,5,7,16,7,3,2,10,8,0,10,6,13,19,4,21,8,2,2,4,9,29,9,3,5,1,11,3,6,13,11,14,5,3,1,1,2,4,2,6,17,10,1,0,9,4,3,4,4,18,6,6,15,11,2,6,4,2,2,9,8,11,2,2,3,1,4,1,14,8,1,11,1,3,9,4,9,1,1,2,0,14,5,4,2,0,9,5,3,8,0,3,1,4,3,2,9,5,0,7,3,0,1,2,5,0,7,0,1,2,2,3,3,3,2,1,14,2,1,4,3,3,2,0,0,3,3,2,0,7,5,1,1,1,3,0,3,9,0,6,0,0,1,6,0,0,1,1,0,1,1,1,2,146
"56",4,3,3,6,9,3,11,3,2,1,2,6,3,5,7,18,4,1,1,0,8,10,1,1,1,0,4,4,2,5,3,14,3,4,0,0,3,2,3,4,6,5,2,1,7,1,2,2,1,6,5,6,3,13,1,5,4,0,1,9,4,8,1,5,1,0,3,0,2,1,0,3,1,5,2,2,5,1,1,2,0,12,0,1,2,0,2,1,1,3,2,0,0,2,0,0,3,0,1,1,3,1,0,2,7,2,2,0,0,1,2,0,1,4,0,1,1,1,1,2,2,0,1,3,3,0,2,1,1,1,1,0,1,2,1,0,1,3,3,3,0,0,0,0,0,0,1,1,0,1,0,0,0,77
"518",14,13,6,18,20,3,23,4,12,13,9,13,13,21,3,53,7,4,5,4,16,26,11,5,8,1,10,5,3,8,14,29,12,8,1,4,4,11,3,9,24,17,1,1,16,1,8,3,2,24,7,9,10,34,3,2,15,4,3,22,10,21,14,9,1,4,4,5,15,12,0,13,1,2,10,12,9,4,3,3,0,19,3,6,11,0,7,5,1,9,1,1,7,5,0,3,14,7,1,7,3,2,4,2,13,4,13,2,1,6,7,6,4,11,4,1,10,8,1,1,3,5,4,2,1,9,4,9,0,2,7,0,2,1,1,0,3,5,2,11,2,3,2,0,1,0,1,5,0,2,2,2,0,221
"115",6,2,1,8,10,0,6,1,8,6,6,7,7,10,4,18,1,2,2,2,6,14,4,4,1,6,6,4,2,6,2,11,4,4,0,0,1,4,1,5,12,8,4,1,5,2,0,4,1,9,5,5,6,11,1,1,4,0,0,10,2,11,2,5,1,3,2,0,2,1,1,3,0,0,2,5,1,1,3,0,0,7,8,1,4,0,2,1,0,7,3,2,3,1,0,0,4,4,1,2,1,0,2,1,3,4,3,0,1,1,1,0,2,5,0,0,4,2,0,0,2,1,0,2,1,0,3,1,2,0,5,0,1,0,2,0,2,2,0,3,0,0,0,1,0,0,0,1,0,1,2,1,1,88
"96",6,3,4,3,1,5,3,1,1,2,3,5,5,3,7,18,0,1,1,3,3,12,3,3,2,0,2,3,1,8,2,11,4,0,1,0,2,4,1,3,7,5,1,0,5,1,6,3,2,3,4,1,6,12,5,1,1,0,0,7,3,9,4,2,6,2,0,3,1,2,0,3,0,2,6,7,2,0,2,1,1,5,3,1,6,0,6,5,2,3,1,0,2,0,1,0,2,9,0,0,1,0,1,0,4,0,4,0,1,0,0,1,0,3,1,0,5,5,0,1,4,0,2,2,0,1,1,3,1,1,1,0,2,1,0,0,2,1,4,6,0,0,1,1,0,0,0,0,0,1,0,0,1,75
"37",12,11,7,11,15,5,8,6,9,3,8,6,11,12,14,34,10,0,3,5,12,23,13,12,5,3,5,6,6,10,4,20,3,3,2,0,4,3,3,4,17,6,9,2,6,1,10,3,2,18,4,4,9,19,6,7,6,4,1,16,6,18,8,8,4,5,6,4,7,5,2,16,0,1,8,5,6,3,1,0,0,11,6,3,7,0,5,9,2,9,1,1,6,3,3,1,4,6,6,3,6,3,1,1,6,6,8,1,2,1,1,5,2,11,0,0,11,2,0,3,2,0,2,0,2,4,3,1,2,0,4,3,0,0,3,1,3,3,2,3,2,2,2,2,0,1,0,2,0,6,0,0,0,161
"26",10,14,7,16,14,3,7,10,14,3,12,19,14,18,10,38,8,2,4,5,12,27,16,8,6,6,11,4,8,20,7,30,18,8,1,1,2,10,5,9,22,7,11,3,16,5,9,4,6,21,8,6,6,31,3,7,6,4,4,22,11,18,10,11,5,5,3,5,11,8,2,11,4,3,11,11,20,2,1,5,1,12,1,2,9,1,8,4,1,15,1,3,5,6,1,4,11,10,3,5,1,5,1,3,9,5,7,1,4,5,3,3,4,9,3,1,11,5,3,4,11,3,3,2,2,3,2,6,3,1,9,1,1,0,2,1,4,8,0,7,1,4,2,5,0,1,3,0,0,2,1,2,0,215
"32",3,4,3,9,5,3,1,1,2,0,2,3,0,4,5,8,1,0,1,0,3,9,1,0,1,0,2,3,0,4,4,2,4,1,1,2,1,1,1,0,5,6,0,0,0,0,1,3,1,4,2,0,5,7,1,2,4,2,0,2,0,4,2,2,0,2,1,1,2,3,0,6,0,2,0,3,0,0,1,1,0,2,0,0,2,0,2,2,1,3,2,0,2,0,0,0,1,2,2,1,1,1,0,1,5,0,3,2,2,0,0,1,0,3,0,0,3,0,0,0,1,0,1,1,2,2,1,0,0,1,2,1,0,0,0,1,1,0,3,1,0,0,0,0,0,0,1,1,0,1,0,0,0,47
"75",8,7,8,10,9,4,6,1,7,0,10,14,13,17,13,32,6,3,1,5,3,26,13,5,4,3,7,1,8,4,10,22,5,6,2,5,3,4,5,7,16,12,2,0,12,4,7,3,1,15,3,6,11,27,7,7,4,1,1,14,3,18,7,7,5,1,0,0,3,6,3,7,1,1,8,7,7,4,4,1,0,18,3,0,5,0,8,4,1,11,4,2,2,4,2,2,10,7,2,5,3,4,3,1,9,4,9,0,1,3,1,2,0,8,6,1,13,1,2,3,5,0,4,3,4,3,6,7,1,4,9,2,2,2,2,0,3,6,2,5,1,1,4,1,0,3,2,1,1,0,3,0,1,163
"102",3,3,2,4,7,2,5,4,8,0,0,7,2,7,1,13,0,3,1,5,3,12,3,2,2,3,1,0,5,9,4,9,2,1,1,0,3,1,3,0,8,2,4,0,1,3,4,3,3,6,4,0,2,7,2,2,3,0,0,5,2,7,3,1,3,1,3,4,7,3,1,7,2,1,3,1,5,2,4,1,0,9,0,1,4,0,3,0,1,4,0,0,4,0,3,1,6,2,3,2,1,1,1,1,2,0,8,0,0,1,1,2,1,5,1,0,4,1,0,0,2,1,0,0,1,1,2,1,2,1,3,1,1,0,0,0,0,3,1,1,0,1,0,1,0,0,0,0,0,2,0,1,0,72
"5",11,4,6,7,12,3,9,4,10,4,4,7,6,11,5,16,5,0,1,3,7,18,3,6,3,2,5,2,2,3,6,14,11,2,1,0,2,3,5,4,11,12,4,2,5,1,4,3,2,15,3,5,3,11,0,2,6,3,2,9,6,9,3,2,1,2,2,4,5,4,2,6,1,0,7,3,2,1,1,1,0,8,2,0,3,0,2,1,0,10,2,2,4,5,1,0,9,9,5,4,2,4,0,2,4,1,2,1,0,1,0,1,1,2,2,0,6,0,0,0,2,1,0,2,0,1,2,1,1,0,5,0,0,0,3,0,1,1,2,5,0,1,0,0,0,0,1,3,0,0,0,0,0,104
"15",3,2,1,3,2,2,6,1,2,2,2,5,2,4,4,6,1,2,1,1,3,9,2,1,1,0,1,1,1,1,6,6,4,2,0,0,0,3,1,3,3,7,0,1,4,2,3,1,0,7,2,1,1,4,2,2,0,0,0,4,3,5,4,1,1,0,1,0,2,1,1,1,0,0,2,0,3,1,0,1,0,4,1,1,4,0,2,2,1,3,0,0,0,0,0,1,4,1,1,1,0,1,0,1,1,0,1,0,1,0,2,1,2,1,0,0,1,2,0,0,1,0,1,0,1,0,1,3,0,0,1,0,0,0,0,0,2,1,0,1,0,1,0,0,0,0,2,1,0,1,0,0,0,45
"totalLoses",1035,725,619,1421,1263,470,908,477,991,463,874,1113,912,1485,764,3004,603,209,215,414,885,2678,638,608,424,297,706,480,505,940,1011,1914,888,458,145,180,327,488,351,550,1605,989,433,138,854,274,562,502,308,1554,584,583,845,1751,414,522,625,189,128,1504,717,1437,620,714,410,266,299,291,1163,479,125,856,116,250,842,654,949,315,183,238,25,1373,399,247,686,33,508,401,202,782,202,117,284,426,119,192,992,619,370,501,268,305,155,243,629,328,507,116,174,192,146,224,229,728,176,47,842,261,113,181,360,149,292,133,194,292,257,440,94,189,629,98,104,96,187,55,262,666,185,385,52,128,93,206,98,90,160,241,48,158,89,112,50,15732
